{
  "model_name": "efficientnet_b0_full",
  "n_test": 1867,
  "classes": [
    "Cyst",
    "Normal",
    "Stone",
    "Tumor"
  ],
  "accuracy": 0.987680771290841,
  "macro_f1": 0.9818689843251681,
  "weighted_f1": 0.9877144668014578,
  "per_class": {
    "Cyst": {
      "precision": 0.9855855855855856,
      "recall": 0.9838129496402878,
      "f1": 0.9846984698469847,
      "support": 556
    },
    "Normal": {
      "precision": 0.9986807387862797,
      "recall": 0.9934383202099738,
      "f1": 0.9960526315789474,
      "support": 762
    },
    "Stone": {
      "precision": 0.9428571428571428,
      "recall": 0.9565217391304348,
      "f1": 0.9496402877697842,
      "support": 207
    },
    "Tumor": {
      "precision": 0.9941860465116279,
      "recall": 1.0,
      "f1": 0.9970845481049563,
      "support": 342
    }
  },
  "confusion_matrix": [
    [
      547,
      0,
      9,
      0
    ],
    [
      0,
      757,
      3,
      2
    ],
    [
      8,
      1,
      198,
      0
    ],
    [
      0,
      0,
      0,
      342
    ]
  ],
  "roc_auc_ovr_macro": 0.9998074682611786,
  "macro_f1_ci95": {
    "mean": 0.9818667538387486,
    "lo": 0.9746443860114614,
    "hi": 0.989229063057703
  },
  "per_class_f1_ci95": {
    "Cyst": {
      "mean": 0.9847084133473906,
      "lo": 0.9776155995187702,
      "hi": 0.9920568371366028
    },
    "Normal": {
      "mean": 0.996047150712694,
      "lo": 0.9928981846519626,
      "hi": 0.9987247319814001
    },
    "Stone": {
      "mean": 0.9496736540807577,
      "lo": 0.9282283433344788,
      "hi": 0.9712831033196568
    },
    "Tumor": {
      "mean": 0.9970377972141519,
      "lo": 0.9924351295572305,
      "hi": 1.0
    }
  }
}