{
  "model_name": "efficientnet_b0_tta_hflip",
  "n_test": 934,
  "classes": [
    "Cyst",
    "Normal",
    "Stone",
    "Tumor"
  ],
  "accuracy": 0.9860813704496788,
  "macro_f1": 0.9828621610705102,
  "weighted_f1": 0.986083845894528,
  "per_class": {
    "Cyst": {
      "precision": 0.9823321554770318,
      "recall": 0.996415770609319,
      "f1": 0.9893238434163701,
      "support": 279
    },
    "Normal": {
      "precision": 0.9894459102902374,
      "recall": 0.984251968503937,
      "f1": 0.9868421052631579,
      "support": 381
    },
    "Stone": {
      "precision": 0.9611650485436893,
      "recall": 0.9611650485436893,
      "f1": 0.9611650485436893,
      "support": 103
    },
    "Tumor": {
      "precision": 1.0,
      "recall": 0.9883040935672515,
      "f1": 0.9941176470588236,
      "support": 171
    }
  },
  "confusion_matrix": [
    [
      278,
      0,
      1,
      0
    ],
    [
      4,
      375,
      2,
      0
    ],
    [
      0,
      4,
      99,
      0
    ],
    [
      1,
      0,
      1,
      169
    ]
  ],
  "roc_auc_ovr_macro": 0.9998018668209036,
  "macro_f1_ci95": {
    "mean": 0.9828737119195647,
    "lo": 0.9728156274450471,
    "hi": 0.9918235959045659
  },
  "per_class_f1_ci95": {
    "Cyst": {
      "mean": 0.9894585201886236,
      "lo": 0.9803120371092228,
      "hi": 0.9966445758793293
    },
    "Normal": {
      "mean": 0.9869014014074781,
      "lo": 0.9787234042553191,
      "hi": 0.9947093437198977
    },
    "Stone": {
      "mean": 0.9610966483304036,
      "lo": 0.9326923076923077,
      "hi": 0.9846231155778895
    },
    "Tumor": {
      "mean": 0.9940382777517538,
      "lo": 0.9844236760124611,
      "hi": 1.0
    }
  }
}