{
  "model_name": "efficientnet_b0_clean_sweep_010pct_tta_hflip",
  "n_test": 1888,
  "classes": [
    "Cyst",
    "Normal",
    "Stone",
    "Tumor"
  ],
  "accuracy": 0.6514830508474576,
  "macro_f1": 0.38901401396239044,
  "weighted_f1": 0.5288332334188949,
  "per_class": {
    "Cyst": {
      "precision": 0.6688654353562006,
      "recall": 0.9883040935672515,
      "f1": 0.7977970102281668,
      "support": 513
    },
    "Normal": {
      "precision": 0.6398230088495576,
      "recall": 0.9305019305019305,
      "f1": 0.7582590456213949,
      "support": 777
    },
    "Stone": {
      "precision": 0.0,
      "recall": 0.0,
      "f1": 0.0,
      "support": 248
    },
    "Tumor": {
      "precision": 0.0,
      "recall": 0.0,
      "f1": 0.0,
      "support": 350
    }
  },
  "confusion_matrix": [
    [
      507,
      6,
      0,
      0
    ],
    [
      54,
      723,
      0,
      0
    ],
    [
      94,
      154,
      0,
      0
    ],
    [
      103,
      247,
      0,
      0
    ]
  ],
  "roc_auc_ovr_macro": 0.7748395954947032,
  "macro_f1_ci95": {
    "mean": 0.3892148012409301,
    "lo": 0.38063547783173446,
    "hi": 0.39797813328346715
  },
  "per_class_f1_ci95": {
    "Cyst": {
      "mean": 0.7981322796777199,
      "lo": 0.7727889430894309,
      "hi": 0.8232614214672638
    },
    "Normal": {
      "mean": 0.7587269252860005,
      "lo": 0.7371216331311162,
      "hi": 0.7794875396615547
    },
    "Stone": {
      "mean": 0.0,
      "lo": 0.0,
      "hi": 0.0
    },
    "Tumor": {
      "mean": 0.0,
      "lo": 0.0,
      "hi": 0.0
    }
  }
}