{
  "model_name": "convnextv2_base",
  "n_test": 1888,
  "classes": [
    "Cyst",
    "Normal",
    "Stone",
    "Tumor"
  ],
  "accuracy": 0.7002118644067796,
  "macro_f1": 0.6471571999057197,
  "weighted_f1": 0.7017140602523205,
  "per_class": {
    "Cyst": {
      "precision": 0.762906309751434,
      "recall": 0.7777777777777778,
      "f1": 0.7702702702702703,
      "support": 513
    },
    "Normal": {
      "precision": 0.8048128342245989,
      "recall": 0.7747747747747747,
      "f1": 0.7895081967213115,
      "support": 777
    },
    "Stone": {
      "precision": 0.42084942084942084,
      "recall": 0.43951612903225806,
      "f1": 0.42998027613412226,
      "support": 248
    },
    "Tumor": {
      "precision": 0.5921787709497207,
      "recall": 0.6057142857142858,
      "f1": 0.5988700564971752,
      "support": 350
    }
  },
  "confusion_matrix": [
    [
      399,
      7,
      48,
      59
    ],
    [
      7,
      602,
      99,
      69
    ],
    [
      34,
      87,
      109,
      18
    ],
    [
      83,
      52,
      3,
      212
    ]
  ],
  "roc_auc_ovr_macro": 0.9099238037162969,
  "macro_f1_ci95": {
    "mean": 0.6467256721754179,
    "lo": 0.6227636896370659,
    "hi": 0.6695634079039059
  },
  "per_class_f1_ci95": {
    "Cyst": {
      "mean": 0.7709164934167053,
      "lo": 0.7418821280139501,
      "hi": 0.7996431838975298
    },
    "Normal": {
      "mean": 0.7891945599335948,
      "lo": 0.7652147037744864,
      "hi": 0.8112262909014697
    },
    "Stone": {
      "mean": 0.4296667202974019,
      "lo": 0.372270297029703,
      "hi": 0.4879076263479277
    },
    "Tumor": {
      "mean": 0.5971249150539703,
      "lo": 0.5547388407576688,
      "hi": 0.6378889718216655
    }
  }
}