{
  "model_name": "convnextv2_base_clean_sweep_v2_010pct_tta_hflip",
  "n_test": 1888,
  "classes": [
    "Cyst",
    "Normal",
    "Stone",
    "Tumor"
  ],
  "accuracy": 0.7070974576271186,
  "macro_f1": 0.6547555092494824,
  "weighted_f1": 0.7084946415257866,
  "per_class": {
    "Cyst": {
      "precision": 0.777992277992278,
      "recall": 0.7855750487329435,
      "f1": 0.7817652764306499,
      "support": 513
    },
    "Normal": {
      "precision": 0.8099062918340026,
      "recall": 0.7786357786357786,
      "f1": 0.7939632545931758,
      "support": 777
    },
    "Stone": {
      "precision": 0.444,
      "recall": 0.4475806451612903,
      "f1": 0.4457831325301205,
      "support": 248
    },
    "Tumor": {
      "precision": 0.579088471849866,
      "recall": 0.6171428571428571,
      "f1": 0.5975103734439834,
      "support": 350
    }
  },
  "confusion_matrix": [
    [
      403,
      3,
      46,
      61
    ],
    [
      8,
      605,
      91,
      73
    ],
    [
      25,
      89,
      111,
      23
    ],
    [
      82,
      50,
      2,
      216
    ]
  ],
  "roc_auc_ovr_macro": 0.9152877760102003,
  "macro_f1_ci95": {
    "mean": 0.6540214626982167,
    "lo": 0.6308219464914776,
    "hi": 0.6783742315508672
  },
  "per_class_f1_ci95": {
    "Cyst": {
      "mean": 0.7825136539544166,
      "lo": 0.752406953271315,
      "hi": 0.8109190823948652
    },
    "Normal": {
      "mean": 0.7934503525011368,
      "lo": 0.7702595452595453,
      "hi": 0.8158771746930498
    },
    "Stone": {
      "mean": 0.4443446577156869,
      "lo": 0.38631246941106095,
      "hi": 0.5009639611907286
    },
    "Tumor": {
      "mean": 0.5957771866216265,
      "lo": 0.552628739113972,
      "hi": 0.6368776985097262
    }
  }
}