{
  "model_name": "svm",
  "n_test": 1888,
  "classes": [
    "Cyst",
    "Normal",
    "Stone",
    "Tumor"
  ],
  "accuracy": 0.9279661016949152,
  "macro_f1": 0.9090587097629588,
  "weighted_f1": 0.9263217019936351,
  "per_class": {
    "Cyst": {
      "precision": 0.9556840077071291,
      "recall": 0.9668615984405458,
      "f1": 0.9612403100775194,
      "support": 513
    },
    "Normal": {
      "precision": 0.9065868263473054,
      "recall": 0.9742599742599742,
      "f1": 0.9392059553349876,
      "support": 777
    },
    "Stone": {
      "precision": 0.8829268292682927,
      "recall": 0.7298387096774194,
      "f1": 0.7991169977924945,
      "support": 248
    },
    "Tumor": {
      "precision": 0.9665653495440729,
      "recall": 0.9085714285714286,
      "f1": 0.9366715758468336,
      "support": 350
    }
  },
  "confusion_matrix": [
    [
      496,
      0,
      17,
      0
    ],
    [
      6,
      757,
      7,
      7
    ],
    [
      17,
      46,
      181,
      4
    ],
    [
      0,
      32,
      0,
      318
    ]
  ],
  "roc_auc_ovr_macro": 0.9673735159539486,
  "macro_f1_ci95": {
    "mean": 0.9091947788867403,
    "lo": 0.8944227909457778,
    "hi": 0.9229045782314158
  },
  "per_class_f1_ci95": {
    "Cyst": {
      "mean": 0.9613957100786911,
      "lo": 0.9495782002121237,
      "hi": 0.9731760074883954
    },
    "Normal": {
      "mean": 0.9393840560243568,
      "lo": 0.9274453431062808,
      "hi": 0.9508239761271686
    },
    "Stone": {
      "mean": 0.7995173521540592,
      "lo": 0.7573601053324556,
      "hi": 0.837841612562283
    },
    "Tumor": {
      "mean": 0.9364819972898547,
      "lo": 0.9174305160888745,
      "hi": 0.9546686131386861
    }
  }
}