{
  "model_name": "classical_svm_frac_025",
  "n_test": 1888,
  "classes": [
    "Cyst",
    "Normal",
    "Stone",
    "Tumor"
  ],
  "accuracy": 0.9067796610169492,
  "macro_f1": 0.886204261331095,
  "weighted_f1": 0.9057287973230546,
  "per_class": {
    "Cyst": {
      "precision": 0.9428007889546351,
      "recall": 0.9317738791423001,
      "f1": 0.9372549019607843,
      "support": 513
    },
    "Normal": {
      "precision": 0.9036585365853659,
      "recall": 0.9536679536679536,
      "f1": 0.9279899812147777,
      "support": 777
    },
    "Stone": {
      "precision": 0.8251121076233184,
      "recall": 0.7419354838709677,
      "f1": 0.7813163481953291,
      "support": 248
    },
    "Tumor": {
      "precision": 0.9142011834319527,
      "recall": 0.8828571428571429,
      "f1": 0.8982558139534884,
      "support": 350
    }
  },
  "confusion_matrix": [
    [
      478,
      0,
      35,
      0
    ],
    [
      11,
      741,
      4,
      21
    ],
    [
      12,
      44,
      184,
      8
    ],
    [
      6,
      35,
      0,
      309
    ]
  ],
  "roc_auc_ovr_macro": 0.9625106886764072,
  "macro_f1_ci95": {
    "mean": 0.8863103864780185,
    "lo": 0.8707501236743856,
    "hi": 0.9008385946772602
  },
  "per_class_f1_ci95": {
    "Cyst": {
      "mean": 0.9376665732144104,
      "lo": 0.9215159938436012,
      "hi": 0.9523809523809523
    },
    "Normal": {
      "mean": 0.9283125973535273,
      "lo": 0.9156734273246401,
      "hi": 0.9401391705509796
    },
    "Stone": {
      "mean": 0.7815167453467498,
      "lo": 0.7379764979787568,
      "hi": 0.8196903056959035
    },
    "Tumor": {
      "mean": 0.8977456299973867,
      "lo": 0.874444639892434,
      "hi": 0.9194792880548999
    }
  }
}