{
  "model_name": "classical_xgb_frac_025",
  "n_test": 1867,
  "classes": [
    "Cyst",
    "Normal",
    "Stone",
    "Tumor"
  ],
  "accuracy": 0.9796464916979111,
  "macro_f1": 0.971646251792588,
  "weighted_f1": 0.9794081752532132,
  "per_class": {
    "Cyst": {
      "precision": 0.9681978798586572,
      "recall": 0.9856115107913669,
      "f1": 0.9768270944741533,
      "support": 556
    },
    "Normal": {
      "precision": 0.9857328145265889,
      "recall": 0.9973753280839895,
      "f1": 0.9915198956294846,
      "support": 762
    },
    "Stone": {
      "precision": 0.9788359788359788,
      "recall": 0.893719806763285,
      "f1": 0.9343434343434344,
      "support": 207
    },
    "Tumor": {
      "precision": 0.9853372434017595,
      "recall": 0.9824561403508771,
      "f1": 0.9838945827232797,
      "support": 342
    }
  },
  "confusion_matrix": [
    [
      548,
      1,
      2,
      5
    ],
    [
      1,
      760,
      1,
      0
    ],
    [
      15,
      7,
      185,
      0
    ],
    [
      2,
      3,
      1,
      336
    ]
  ],
  "roc_auc_ovr_macro": 0.9980122550044627,
  "macro_f1_ci95": {
    "mean": 0.9717259112756315,
    "lo": 0.9625639978820096,
    "hi": 0.9806963946821616
  },
  "per_class_f1_ci95": {
    "Cyst": {
      "mean": 0.9769917873706884,
      "lo": 0.9678624187376089,
      "hi": 0.9854565181653789
    },
    "Normal": {
      "mean": 0.9914701414899666,
      "lo": 0.986593972036211,
      "hi": 0.9960009247027741
    },
    "Stone": {
      "mean": 0.9344460568814504,
      "lo": 0.9086158370532581,
      "hi": 0.9574493175431554
    },
    "Tumor": {
      "mean": 0.98399565936042,
      "lo": 0.973561430793157,
      "hi": 0.9930089274487615
    }
  }
}