{
  "model_name": "convnextv2_base_seed1_cos_tta_hflip",
  "n_test": 1888,
  "classes": [
    "Cyst",
    "Normal",
    "Stone",
    "Tumor"
  ],
  "accuracy": 0.864406779661017,
  "macro_f1": 0.8376229512009477,
  "weighted_f1": 0.8641738718192312,
  "per_class": {
    "Cyst": {
      "precision": 0.9074446680080482,
      "recall": 0.8791423001949318,
      "f1": 0.8930693069306931,
      "support": 513
    },
    "Normal": {
      "precision": 0.9070063694267516,
      "recall": 0.9163449163449163,
      "f1": 0.911651728553137,
      "support": 777
    },
    "Stone": {
      "precision": 0.7882882882882883,
      "recall": 0.7056451612903226,
      "f1": 0.7446808510638298,
      "support": 248
    },
    "Tumor": {
      "precision": 0.765625,
      "recall": 0.84,
      "f1": 0.8010899182561307,
      "support": 350
    }
  },
  "confusion_matrix": [
    [
      451,
      0,
      38,
      24
    ],
    [
      4,
      712,
      6,
      55
    ],
    [
      22,
      40,
      175,
      11
    ],
    [
      20,
      33,
      3,
      294
    ]
  ],
  "roc_auc_ovr_macro": 0.9809056459073916,
  "macro_f1_ci95": {
    "mean": 0.8377016794149483,
    "lo": 0.8186709396143863,
    "hi": 0.8568648335120922
  },
  "per_class_f1_ci95": {
    "Cyst": {
      "mean": 0.8936585857584012,
      "lo": 0.8734270215671646,
      "hi": 0.912603942444244
    },
    "Normal": {
      "mean": 0.9116782400090429,
      "lo": 0.8969424718089352,
      "hi": 0.9273409475784616
    },
    "Stone": {
      "mean": 0.7450154902709034,
      "lo": 0.696955220999807,
      "hi": 0.7892881290447213
    },
    "Tumor": {
      "mean": 0.8004544016214457,
      "lo": 0.7690083855735569,
      "hi": 0.8301913255180079
    }
  }
}