{
  "model_name": "efficientnet_b0_frac_025",
  "n_test": 934,
  "classes": [
    "Cyst",
    "Normal",
    "Stone",
    "Tumor"
  ],
  "accuracy": 0.9068522483940042,
  "macro_f1": 0.8872520265503163,
  "weighted_f1": 0.910006024729214,
  "per_class": {
    "Cyst": {
      "precision": 0.9759036144578314,
      "recall": 0.8709677419354839,
      "f1": 0.9204545454545454,
      "support": 279
    },
    "Normal": {
      "precision": 0.9665738161559888,
      "recall": 0.910761154855643,
      "f1": 0.9378378378378378,
      "support": 381
    },
    "Stone": {
      "precision": 0.676056338028169,
      "recall": 0.9320388349514563,
      "f1": 0.7836734693877551,
      "support": 103
    },
    "Tumor": {
      "precision": 0.875,
      "recall": 0.9415204678362573,
      "f1": 0.9070422535211268,
      "support": 171
    }
  },
  "confusion_matrix": [
    [
      243,
      2,
      20,
      14
    ],
    [
      5,
      347,
      20,
      9
    ],
    [
      1,
      6,
      96,
      0
    ],
    [
      0,
      4,
      6,
      161
    ]
  ],
  "roc_auc_ovr_macro": 0.9890906295541432,
  "macro_f1_ci95": {
    "mean": 0.8864661423253255,
    "lo": 0.8641354083109757,
    "hi": 0.9093609930569349
  },
  "per_class_f1_ci95": {
    "Cyst": {
      "mean": 0.9197189173492043,
      "lo": 0.8945271236795774,
      "hi": 0.9423459244532804
    },
    "Normal": {
      "mean": 0.9376257079596639,
      "lo": 0.9197841445801944,
      "hi": 0.9539345118221824
    },
    "Stone": {
      "mean": 0.7829986944406742,
      "lo": 0.7265331525259068,
      "hi": 0.8396244418839118
    },
    "Tumor": {
      "mean": 0.9055212495517594,
      "lo": 0.872392252297894,
      "hi": 0.9365162907268171
    }
  }
}