{
  "model_name": "convnextv2_base_clean_sweep_v2_050pct_tta_hflip",
  "n_test": 1888,
  "classes": [
    "Cyst",
    "Normal",
    "Stone",
    "Tumor"
  ],
  "accuracy": 0.836864406779661,
  "macro_f1": 0.8049346628957439,
  "weighted_f1": 0.8358501089869383,
  "per_class": {
    "Cyst": {
      "precision": 0.9023354564755839,
      "recall": 0.8284600389863548,
      "f1": 0.8638211382113821,
      "support": 513
    },
    "Normal": {
      "precision": 0.8622754491017964,
      "recall": 0.9266409266409267,
      "f1": 0.8933002481389578,
      "support": 777
    },
    "Stone": {
      "precision": 0.7083333333333334,
      "recall": 0.6854838709677419,
      "f1": 0.6967213114754098,
      "support": 248
    },
    "Tumor": {
      "precision": 0.7748538011695907,
      "recall": 0.7571428571428571,
      "f1": 0.7658959537572254,
      "support": 350
    }
  },
  "confusion_matrix": [
    [
      425,
      1,
      64,
      23
    ],
    [
      4,
      720,
      4,
      49
    ],
    [
      23,
      50,
      170,
      5
    ],
    [
      19,
      64,
      2,
      265
    ]
  ],
  "roc_auc_ovr_macro": 0.9713651468911557,
  "macro_f1_ci95": {
    "mean": 0.8047886417997225,
    "lo": 0.7840223098747017,
    "hi": 0.8258104455244377
  },
  "per_class_f1_ci95": {
    "Cyst": {
      "mean": 0.8644265041808893,
      "lo": 0.8414497500627696,
      "hi": 0.88709019358824
    },
    "Normal": {
      "mean": 0.8932499441821772,
      "lo": 0.8765023416416905,
      "hi": 0.9094184535984745
    },
    "Stone": {
      "mean": 0.6962554736279313,
      "lo": 0.6457254448141183,
      "hi": 0.7439852943710263
    },
    "Tumor": {
      "mean": 0.7652226452078926,
      "lo": 0.7296342696994162,
      "hi": 0.7983564296911861
    }
  }
}