{
  "model_name": "classical_rf",
  "n_test": 1867,
  "classes": [
    "Cyst",
    "Normal",
    "Stone",
    "Tumor"
  ],
  "accuracy": 0.9855382967327263,
  "macro_f1": 0.9801122291416063,
  "weighted_f1": 0.9853903289583468,
  "per_class": {
    "Cyst": {
      "precision": 0.9787985865724381,
      "recall": 0.9964028776978417,
      "f1": 0.9875222816399287,
      "support": 556
    },
    "Normal": {
      "precision": 0.9832041343669251,
      "recall": 0.9986876640419947,
      "f1": 0.9908854166666666,
      "support": 762
    },
    "Stone": {
      "precision": 0.9895833333333334,
      "recall": 0.9178743961352657,
      "f1": 0.9523809523809523,
      "support": 207
    },
    "Tumor": {
      "precision": 1.0,
      "recall": 0.97953216374269,
      "f1": 0.9896602658788775,
      "support": 342
    }
  },
  "confusion_matrix": [
    [
      554,
      0,
      2,
      0
    ],
    [
      1,
      761,
      0,
      0
    ],
    [
      10,
      7,
      190,
      0
    ],
    [
      1,
      6,
      0,
      335
    ]
  ],
  "roc_auc_ovr_macro": 0.9992223496693879,
  "macro_f1_ci95": {
    "mean": 0.97992963700537,
    "lo": 0.9725621452357459,
    "hi": 0.9871481839095436
  },
  "per_class_f1_ci95": {
    "Cyst": {
      "mean": 0.9874403207956212,
      "lo": 0.9806085214008778,
      "hi": 0.993689137382513
    },
    "Normal": {
      "mean": 0.9907847367638708,
      "lo": 0.9859887812532299,
      "hi": 0.9951202076239244
    },
    "Stone": {
      "mean": 0.9519266141477657,
      "lo": 0.9302297562342393,
      "hi": 0.9723522515967338
    },
    "Tumor": {
      "mean": 0.9895668763142224,
      "lo": 0.981189743893062,
      "hi": 0.9969879518072289
    }
  }
}