{
  "model_name": "convnextv2_base",
  "n_test": 1888,
  "classes": [
    "Cyst",
    "Normal",
    "Stone",
    "Tumor"
  ],
  "accuracy": 0.659957627118644,
  "macro_f1": 0.3922489022531854,
  "weighted_f1": 0.5357915673962196,
  "per_class": {
    "Cyst": {
      "precision": 0.6707988980716253,
      "recall": 0.949317738791423,
      "f1": 0.7861178369652946,
      "support": 513
    },
    "Normal": {
      "precision": 0.653184165232358,
      "recall": 0.9768339768339769,
      "f1": 0.7828777720474471,
      "support": 777
    },
    "Stone": {
      "precision": 0.0,
      "recall": 0.0,
      "f1": 0.0,
      "support": 248
    },
    "Tumor": {
      "precision": 0.0,
      "recall": 0.0,
      "f1": 0.0,
      "support": 350
    }
  },
  "confusion_matrix": [
    [
      487,
      26,
      0,
      0
    ],
    [
      18,
      759,
      0,
      0
    ],
    [
      81,
      167,
      0,
      0
    ],
    [
      140,
      210,
      0,
      0
    ]
  ],
  "roc_auc_ovr_macro": 0.7236795592115517,
  "macro_f1_ci95": {
    "mean": 0.392497129818512,
    "lo": 0.3838870586987767,
    "hi": 0.40088487618448265
  },
  "per_class_f1_ci95": {
    "Cyst": {
      "mean": 0.7865812139263503,
      "lo": 0.7612775947987707,
      "hi": 0.8108607545431167
    },
    "Normal": {
      "mean": 0.7834073053476979,
      "lo": 0.763156515502593,
      "hi": 0.803581893714127
    },
    "Stone": {
      "mean": 0.0,
      "lo": 0.0,
      "hi": 0.0
    },
    "Tumor": {
      "mean": 0.0,
      "lo": 0.0,
      "hi": 0.0
    }
  }
}