{
  "model_name": "efficientnet_b0_clean_sweep_v2_025pct_tta_hflip",
  "n_test": 1888,
  "classes": [
    "Cyst",
    "Normal",
    "Stone",
    "Tumor"
  ],
  "accuracy": 0.774364406779661,
  "macro_f1": 0.7383153018613627,
  "weighted_f1": 0.7734588866448754,
  "per_class": {
    "Cyst": {
      "precision": 0.8989247311827957,
      "recall": 0.8148148148148148,
      "f1": 0.8548057259713702,
      "support": 513
    },
    "Normal": {
      "precision": 0.8002392344497608,
      "recall": 0.861003861003861,
      "f1": 0.8295102293862369,
      "support": 777
    },
    "Stone": {
      "precision": 0.5980066445182725,
      "recall": 0.7258064516129032,
      "f1": 0.6557377049180327,
      "support": 248
    },
    "Tumor": {
      "precision": 0.6818181818181818,
      "recall": 0.5571428571428572,
      "f1": 0.6132075471698113,
      "support": 350
    }
  },
  "confusion_matrix": [
    [
      418,
      0,
      73,
      22
    ],
    [
      13,
      669,
      48,
      47
    ],
    [
      17,
      29,
      180,
      22
    ],
    [
      17,
      138,
      0,
      195
    ]
  ],
  "roc_auc_ovr_macro": 0.9454300145249668,
  "macro_f1_ci95": {
    "mean": 0.7381760412604665,
    "lo": 0.7170398275086571,
    "hi": 0.7589871410555149
  },
  "per_class_f1_ci95": {
    "Cyst": {
      "mean": 0.8553619047751071,
      "lo": 0.8310200751438709,
      "hi": 0.878582102875386
    },
    "Normal": {
      "mean": 0.8297910692687599,
      "lo": 0.8104089219330854,
      "hi": 0.8481808317761983
    },
    "Stone": {
      "mean": 0.6552732207275485,
      "lo": 0.6091623454327882,
      "hi": 0.6991170175700562
    },
    "Tumor": {
      "mean": 0.6122779702704504,
      "lo": 0.5666008230682466,
      "hi": 0.656203383375123
    }
  }
}