{
  "model_name": "classical_xgb_frac_050",
  "n_test": 1867,
  "classes": [
    "Cyst",
    "Normal",
    "Stone",
    "Tumor"
  ],
  "accuracy": 0.9866095340117836,
  "macro_f1": 0.9798738494277156,
  "weighted_f1": 0.9864728693515437,
  "per_class": {
    "Cyst": {
      "precision": 0.9804964539007093,
      "recall": 0.9946043165467626,
      "f1": 0.9875,
      "support": 556
    },
    "Normal": {
      "precision": 0.9921465968586387,
      "recall": 0.994750656167979,
      "f1": 0.9934469200524246,
      "support": 762
    },
    "Stone": {
      "precision": 0.9693877551020408,
      "recall": 0.9178743961352657,
      "f1": 0.9429280397022333,
      "support": 207
    },
    "Tumor": {
      "precision": 0.9941690962099126,
      "recall": 0.9970760233918129,
      "f1": 0.9956204379562044,
      "support": 342
    }
  },
  "confusion_matrix": [
    [
      553,
      0,
      3,
      0
    ],
    [
      0,
      758,
      3,
      1
    ],
    [
      10,
      6,
      190,
      1
    ],
    [
      1,
      0,
      0,
      341
    ]
  ],
  "roc_auc_ovr_macro": 0.9983500217384833,
  "macro_f1_ci95": {
    "mean": 0.9798682091441472,
    "lo": 0.971205859097681,
    "hi": 0.9875405340439649
  },
  "per_class_f1_ci95": {
    "Cyst": {
      "mean": 0.9874553610921801,
      "lo": 0.9801426058180297,
      "hi": 0.9936888563607177
    },
    "Normal": {
      "mean": 0.9934705323437281,
      "lo": 0.9894165822357311,
      "hi": 0.9973476555373106
    },
    "Stone": {
      "mean": 0.9427782334146894,
      "lo": 0.9164440327947584,
      "hi": 0.9656836662149252
    },
    "Tumor": {
      "mean": 0.9957687097259911,
      "lo": 0.9897209985315712,
      "hi": 1.0
    }
  }
}