{
  "model_name": "classical_svm_frac_050",
  "n_test": 1888,
  "classes": [
    "Cyst",
    "Normal",
    "Stone",
    "Tumor"
  ],
  "accuracy": 0.9210805084745762,
  "macro_f1": 0.902729581890843,
  "weighted_f1": 0.9194935400848405,
  "per_class": {
    "Cyst": {
      "precision": 0.9521988527724665,
      "recall": 0.9707602339181286,
      "f1": 0.9613899613899614,
      "support": 513
    },
    "Normal": {
      "precision": 0.9132589838909542,
      "recall": 0.9485199485199485,
      "f1": 0.9305555555555556,
      "support": 777
    },
    "Stone": {
      "precision": 0.8916256157635468,
      "recall": 0.7298387096774194,
      "f1": 0.802660753880266,
      "support": 248
    },
    "Tumor": {
      "precision": 0.9098591549295775,
      "recall": 0.9228571428571428,
      "f1": 0.9163120567375886,
      "support": 350
    }
  },
  "confusion_matrix": [
    [
      498,
      0,
      15,
      0
    ],
    [
      10,
      737,
      7,
      23
    ],
    [
      15,
      43,
      181,
      9
    ],
    [
      0,
      27,
      0,
      323
    ]
  ],
  "roc_auc_ovr_macro": 0.966778525630633,
  "macro_f1_ci95": {
    "mean": 0.9028328034619361,
    "lo": 0.8884790444959498,
    "hi": 0.9162829738134246
  },
  "per_class_f1_ci95": {
    "Cyst": {
      "mean": 0.9616664796796043,
      "lo": 0.9499532330144237,
      "hi": 0.97261953211241
    },
    "Normal": {
      "mean": 0.9307994513337017,
      "lo": 0.9184435877963415,
      "hi": 0.9426168498168498
    },
    "Stone": {
      "mean": 0.8028966912392546,
      "lo": 0.7621042272003,
      "hi": 0.8385686387964704
    },
    "Tumor": {
      "mean": 0.9159685915951834,
      "lo": 0.8925361044556306,
      "hi": 0.9360013605442178
    }
  }
}