{
  "model_name": "efficientnet_b0_frac_010",
  "n_test": 934,
  "classes": [
    "Cyst",
    "Normal",
    "Stone",
    "Tumor"
  ],
  "accuracy": 0.7965738758029979,
  "macro_f1": 0.7671964783547203,
  "weighted_f1": 0.806849720963145,
  "per_class": {
    "Cyst": {
      "precision": 0.9234234234234234,
      "recall": 0.7347670250896058,
      "f1": 0.8183632734530938,
      "support": 279
    },
    "Normal": {
      "precision": 0.9498432601880877,
      "recall": 0.7952755905511811,
      "f1": 0.8657142857142858,
      "support": 381
    },
    "Stone": {
      "precision": 0.48823529411764705,
      "recall": 0.8058252427184466,
      "f1": 0.608058608058608,
      "support": 103
    },
    "Tumor": {
      "precision": 0.6860986547085202,
      "recall": 0.8947368421052632,
      "f1": 0.7766497461928934,
      "support": 171
    }
  },
  "confusion_matrix": [
    [
      205,
      1,
      36,
      37
    ],
    [
      4,
      303,
      44,
      30
    ],
    [
      9,
      8,
      83,
      3
    ],
    [
      4,
      7,
      7,
      153
    ]
  ],
  "roc_auc_ovr_macro": 0.9596871160629367,
  "macro_f1_ci95": {
    "mean": 0.7673561850903241,
    "lo": 0.7363164481709272,
    "hi": 0.7968554185716256
  },
  "per_class_f1_ci95": {
    "Cyst": {
      "mean": 0.8188427343460559,
      "lo": 0.7788605594944018,
      "hi": 0.8521497071886177
    },
    "Normal": {
      "mean": 0.8656715403811052,
      "lo": 0.8375891265597148,
      "hi": 0.8904754409284177
    },
    "Stone": {
      "mean": 0.6088649245996395,
      "lo": 0.5345851937202938,
      "hi": 0.6745121381886088
    },
    "Tumor": {
      "mean": 0.7760455410344959,
      "lo": 0.7277259147254546,
      "hi": 0.8207449499757904
    }
  }
}