{
  "model_name": "convnextv2_base_clean_sweep_050pct_tta_hflip",
  "n_test": 1888,
  "classes": [
    "Cyst",
    "Normal",
    "Stone",
    "Tumor"
  ],
  "accuracy": 0.6753177966101694,
  "macro_f1": 0.40375884169725323,
  "weighted_f1": 0.5487334861553439,
  "per_class": {
    "Cyst": {
      "precision": 0.7191977077363897,
      "recall": 0.9785575048732943,
      "f1": 0.8290668868703551,
      "support": 513
    },
    "Normal": {
      "precision": 0.6495798319327731,
      "recall": 0.9948519948519948,
      "f1": 0.7859684799186578,
      "support": 777
    },
    "Stone": {
      "precision": 0.0,
      "recall": 0.0,
      "f1": 0.0,
      "support": 248
    },
    "Tumor": {
      "precision": 0.0,
      "recall": 0.0,
      "f1": 0.0,
      "support": 350
    }
  },
  "confusion_matrix": [
    [
      502,
      11,
      0,
      0
    ],
    [
      4,
      773,
      0,
      0
    ],
    [
      56,
      192,
      0,
      0
    ],
    [
      136,
      214,
      0,
      0
    ]
  ],
  "roc_auc_ovr_macro": 0.8227772419366809,
  "macro_f1_ci95": {
    "mean": 0.404014274049276,
    "lo": 0.3965951132821547,
    "hi": 0.4117775123690941
  },
  "per_class_f1_ci95": {
    "Cyst": {
      "mean": 0.8297055479089777,
      "lo": 0.807072544705816,
      "hi": 0.8516030716552779
    },
    "Normal": {
      "mean": 0.7863515482881261,
      "lo": 0.7669454176869688,
      "hi": 0.8067981114381839
    },
    "Stone": {
      "mean": 0.0,
      "lo": 0.0,
      "hi": 0.0
    },
    "Tumor": {
      "mean": 0.0,
      "lo": 0.0,
      "hi": 0.0
    }
  }
}