{
  "model_name": "efficientnet_b0",
  "n_test": 1888,
  "classes": [
    "Cyst",
    "Normal",
    "Stone",
    "Tumor"
  ],
  "accuracy": 0.6567796610169492,
  "macro_f1": 0.3908713812059537,
  "weighted_f1": 0.5330944421833465,
  "per_class": {
    "Cyst": {
      "precision": 0.6534526854219949,
      "recall": 0.9961013645224172,
      "f1": 0.7891891891891892,
      "support": 513
    },
    "Normal": {
      "precision": 0.659132007233273,
      "recall": 0.9382239382239382,
      "f1": 0.7742963356346256,
      "support": 777
    },
    "Stone": {
      "precision": 0.0,
      "recall": 0.0,
      "f1": 0.0,
      "support": 248
    },
    "Tumor": {
      "precision": 0.0,
      "recall": 0.0,
      "f1": 0.0,
      "support": 350
    }
  },
  "confusion_matrix": [
    [
      511,
      2,
      0,
      0
    ],
    [
      48,
      729,
      0,
      0
    ],
    [
      128,
      120,
      0,
      0
    ],
    [
      95,
      255,
      0,
      0
    ]
  ],
  "roc_auc_ovr_macro": 0.7968224962963898,
  "macro_f1_ci95": {
    "mean": 0.39098222716996195,
    "lo": 0.38279444475473323,
    "hi": 0.39950619622219274
  },
  "per_class_f1_ci95": {
    "Cyst": {
      "mean": 0.7892431369380519,
      "lo": 0.7638096237507805,
      "hi": 0.8143935186197546
    },
    "Normal": {
      "mean": 0.7746857717417961,
      "lo": 0.7535419560846591,
      "hi": 0.7941245189664651
    },
    "Stone": {
      "mean": 0.0,
      "lo": 0.0,
      "hi": 0.0
    },
    "Tumor": {
      "mean": 0.0,
      "lo": 0.0,
      "hi": 0.0
    }
  }
}