{
  "efficientnet_b0_full": {
    "config": {
      "model_name": "efficientnet_b0",
      "image_size": 224,
      "split_csv": "split_full.csv",
      "batch_size": 32,
      "stage1_epochs": 5,
      "stage1_lr": 0.001,
      "stage2_epochs": 30,
      "stage2_lr": 1e-05,
      "stage2_unfreeze_blocks": 2,
      "stage2_weight_decay": 0.0001,
      "early_stopping_patience": 5,
      "use_class_weights": true
    },
    "epoch_idx": [
      1,
      2,
      3,
      4,
      5,
      6,
      7,
      8,
      9,
      10,
      11,
      12,
      13,
      14,
      15,
      16,
      17,
      18,
      19,
      20,
      21,
      22,
      23,
      24,
      25,
      26,
      27,
      28,
      29,
      30,
      31,
      32,
      33,
      34,
      35
    ],
    "stages": [
      1,
      1,
      1,
      1,
      1,
      2,
      2,
      2,
      2,
      2,
      2,
      2,
      2,
      2,
      2,
      2,
      2,
      2,
      2,
      2,
      2,
      2,
      2,
      2,
      2,
      2,
      2,
      2,
      2,
      2,
      2,
      2,
      2,
      2,
      2
    ],
    "train_loss": [
      0.8185356411504789,
      0.5802485787945126,
      0.5262247244626476,
      0.4969769657150773,
      0.4733432607436202,
      0.44498708507574625,
      0.41008489820473343,
      0.3927239183989876,
      0.36153703265719944,
      0.3379222370814139,
      0.3272219643722005,
      0.2995779237225036,
      0.2834099809219248,
      0.28269525378586724,
      0.26237377655736016,
      0.26383397797305613,
      0.2473844468347297,
      0.23792797171051508,
      0.22118965324948314,
      0.22108394951586113,
      0.21082426782755592,
      0.21159383427450917,
      0.19430677923207113,
      0.19555880658882707,
      0.19507036532580688,
      0.1731278087218575,
      0.16421707274171604,
      0.1678031014536804,
      0.16269805985165092,
      0.15814948352216252,
      0.16458504387717163,
      0.14655490095074622,
      0.14913829112950544,
      0.13573636494994273,
      0.13367695849871175
    ],
    "val_loss": [
      0.5022883646840646,
      0.39054058908011485,
      0.3897420341916179,
      0.33192111525423207,
      0.2993788251789994,
      0.28916001557729176,
      0.26061967249917806,
      0.24831636027339696,
      0.22709591984429586,
      0.21158723185965259,
      0.19941847823683947,
      0.18872158983587645,
      0.18236664896925694,
      0.1652628854595536,
      0.1496441549136157,
      0.14780311100484217,
      0.14312390104359207,
      0.1401965885827678,
      0.12100717572203025,
      0.12050069248414512,
      0.11481120666847168,
      0.10914489186314509,
      0.10220665065247424,
      0.09465402862766431,
      0.10144458266586688,
      0.09996350480709475,
      0.0867604851786568,
      0.08738766598650397,
      0.08322280737954024,
      0.07520057899497318,
      0.07137698193699776,
      0.06817060774446619,
      0.06849927774839498,
      0.06490468377886957,
      0.05666898265999782
    ],
    "val_macro_f1": [
      0.8000749789299021,
      0.8354801949266227,
      0.8400349441957388,
      0.8523917726411369,
      0.8714339445793702,
      0.8686643672344919,
      0.8810947534482904,
      0.8941681052679564,
      0.9100478416776053,
      0.9115772348649673,
      0.9205877891943328,
      0.9217607675417719,
      0.919114660346307,
      0.9292204800731734,
      0.9342089153439808,
      0.9425009864156171,
      0.9404959883394067,
      0.9367922188274264,
      0.9474681154320225,
      0.9454716154050884,
      0.950999705046431,
      0.947103667391937,
      0.9499252330853616,
      0.9604353677368075,
      0.9566306641315842,
      0.9559097675190793,
      0.9649821682928788,
      0.961616028254114,
      0.9647949858129272,
      0.9635593066686007,
      0.9682113936545222,
      0.970494907941691,
      0.9669465800545683,
      0.9701602077319984,
      0.9765885357811518
    ],
    "stage1_end": 5,
    "best_epoch": 35,
    "best_val_f1": 0.9765885357811518,
    "n_epochs_total": 35,
    "verdict": "Saturation: val loss plateau in stage 2 (rebound +0.000), no overfit rebound detected."
  },
  "convnextv2_base_full": {
    "config": {
      "model_name": "convnextv2_base",
      "image_size": 384,
      "split_csv": "split_full.csv",
      "batch_size": 32,
      "stage1_epochs": 5,
      "stage1_lr": 0.001,
      "stage2_epochs": 30,
      "stage2_lr": 1e-05,
      "stage2_unfreeze_blocks": 1,
      "stage2_weight_decay": 0.05,
      "early_stopping_patience": 5,
      "use_class_weights": true
    },
    "epoch_idx": [
      1,
      2,
      3,
      4,
      5,
      6,
      7,
      8,
      9,
      10,
      11,
      12,
      13,
      14,
      15,
      16,
      17,
      18,
      19,
      20,
      21,
      22,
      23,
      24,
      25,
      26,
      27,
      28,
      29,
      30,
      31,
      32,
      33,
      34,
      35
    ],
    "stages": [
      1,
      1,
      1,
      1,
      1,
      2,
      2,
      2,
      2,
      2,
      2,
      2,
      2,
      2,
      2,
      2,
      2,
      2,
      2,
      2,
      2,
      2,
      2,
      2,
      2,
      2,
      2,
      2,
      2,
      2,
      2,
      2,
      2,
      2,
      2
    ],
    "train_loss": [
      1.0175511349878583,
      0.8062893888400825,
      0.7562555451804722,
      0.7219261216449563,
      0.7103403611014588,
      0.6318233382877021,
      0.5513630934654845,
      0.46909636368545726,
      0.423948354218617,
      0.4094616309478811,
      0.36271813911402084,
      0.3306316326828152,
      0.3194930014038874,
      0.29345576450078176,
      0.29272611129984494,
      0.28256184297816483,
      0.25030045245523513,
      0.24451631328126944,
      0.21756685728376562,
      0.21211150406258603,
      0.19440159596386472,
      0.20126933241528147,
      0.186436201374776,
      0.17605890046986447,
      0.166015871717527,
      0.17114193779583148,
      0.16559883410280402,
      0.1628461200778122,
      0.16620806398005306,
      0.15653409362797127,
      0.13836991437347357,
      0.1432784433289336,
      0.13200067733204945,
      0.1291681207986711,
      0.13133239591471968
    ],
    "val_loss": [
      0.7502014218451956,
      0.647256623376929,
      0.5141886341648428,
      0.5236027055586093,
      0.5103653412038909,
      0.3290070379457183,
      0.29335932152662036,
      0.21954407956776417,
      0.19689589978286015,
      0.16117867413183937,
      0.13008766415033612,
      0.12230449733157239,
      0.09839928054400926,
      0.08486949600654455,
      0.07600135731610086,
      0.07339047302851621,
      0.06788602104609065,
      0.05401026583054708,
      0.0548917370607421,
      0.048923113550462055,
      0.04099856224384939,
      0.03985100413732985,
      0.03817784496401968,
      0.03159414189600799,
      0.026744450794420158,
      0.02674340445176166,
      0.01835095498962283,
      0.02124934913893592,
      0.01690009082246015,
      0.01272387682980532,
      0.02215042334944349,
      0.012422052856552677,
      0.009984910302936639,
      0.009397783008829083,
      0.009438560250809842
    ],