{
  "n_splits": 5,
  "deployed_best_params": {
    "learning_rate": 0.1,
    "max_depth": 6,
    "n_estimators": 200
  },
  "macro_f1_mean": 0.9905232550541184,
  "macro_f1_std": 0.0009659297192108744,
  "per_class": {
    "Cyst": {
      "f1_mean": 0.9935167787962642,
      "f1_std": 0.001167129274719513,
      "precision_mean": 0.9905431902410872,
      "precision_std": 0.0009898581012350947,
      "recall_mean": 0.9965119613614067,
      "recall_std": 0.0023299736904507226,
      "deployed_held_out_test_f1": 0.9937444146559428
    },
    "Normal": {
      "f1_mean": 0.9958406840757592,
      "f1_std": 0.0006698411532016411,
      "precision_mean": 0.9930891258514846,
      "precision_std": 0.0016165134474167974,
      "recall_mean": 0.9986095017381229,
      "recall_std": 0.0004634994206257571,
      "deployed_held_out_test_f1": 0.9960732984293194
    },
    "Stone": {
      "f1_mean": 0.9791938497759493,
      "f1_std": 0.002287790084205892,
      "precision_mean": 0.9930165601333251,
      "precision_std": 0.004425693449392377,
      "recall_mean": 0.9658119658119657,
      "recall_std": 0.007150940397727116,
      "deployed_held_out_test_f1": 0.9702970297029703
    },
    "Tumor": {
      "f1_mean": 0.9935417075685014,
      "f1_std": 0.002311586342153769,
      "precision_mean": 0.9963783777784098,
      "precision_std": 0.003099509897866849,
      "recall_mean": 0.9907269498847164,
      "recall_std": 0.002626302157758947,
      "deployed_held_out_test_f1": 0.9985358711566618
    }
  },
  "per_fold_macro_f1": [
    0.9898816354710385,
    0.990560687396139,
    0.9890652656696635,
    0.9915527653839439,
    0.9915559213498076
  ],
  "per_fold_per_class_f1": [
    [
      0.9928741092636579,
      0.9959560947429231,
      0.978448275862069,
      0.9922480620155039
    ],
    [
      0.9928853754940712,
      0.9965277777777778,
      0.980561555075594,
      0.9922680412371134
    ],
    [
      0.994475138121547,
      0.9948066935949221,
      0.9760348583877996,
      0.9909443725743855
    ],
    [
      0.9920886075949367,
      0.9965317919075144,
      0.9827586206896551,
      0.9948320413436692
    ],
    [
      0.995260663507109,
      0.9953810623556582,
      0.9781659388646288,
      0.9974160206718347
    ]
  ],
  "per_fold_per_class_prec": [
    [
      0.9920886075949367,
      0.9930875576036866,
      0.9869565217391304,
      0.9948186528497409
    ],
    [
      0.9905362776025236,
      0.9953757225433526,
      0.9912663755458515,
      0.9922680412371134
    ],
    [
      0.9905660377358491,
      0.9908045977011494,
      0.9955555555555555,
      0.9948051948051948
    ],
    [
      0.9889589905362776,
      0.994232987312572,
      0.991304347826087,
      1.0
    ],
    [
      0.9905660377358491,
      0.9919447640966629,
      1.0,
      1.0
    ]
  ],
  "per_fold_per_class_rec": [
    [
      0.993660855784469,
      0.9988412514484357,
      0.9700854700854701,
      0.9896907216494846
    ],
    [
      0.9952456418383518,
      0.9976825028968713,
      0.9700854700854701,
      0.9922680412371134
    ],
    [
      0.9984152139461173,
      0.9988412514484357,
      0.9572649572649573,
      0.9871134020618557
    ],
    [
      0.9952380952380953,
      0.9988412514484357,
      0.9743589743589743,
      0.9897172236503856
    ],
    [
      1.0,
      0.9988412514484357,
      0.9572649572649573,
      0.9948453608247423
    ]
  ]
}