{
  "model_name": "efficientnet_b0_clean_sweep_025pct_tta_hflip",
  "n_test": 1888,
  "classes": [
    "Cyst",
    "Normal",
    "Stone",
    "Tumor"
  ],
  "accuracy": 0.659957627118644,
  "macro_f1": 0.39375068297138427,
  "weighted_f1": 0.5357075061101805,
  "per_class": {
    "Cyst": {
      "precision": 0.6736842105263158,
      "recall": 0.9980506822612085,
      "f1": 0.8043990573448547,
      "support": 513
    },
    "Normal": {
      "precision": 0.650709219858156,
      "recall": 0.9446589446589446,
      "f1": 0.7706036745406825,
      "support": 777
    },
    "Stone": {
      "precision": 0.0,
      "recall": 0.0,
      "f1": 0.0,
      "support": 248
    },
    "Tumor": {
      "precision": 0.0,
      "recall": 0.0,
      "f1": 0.0,
      "support": 350
    }
  },
  "confusion_matrix": [
    [
      512,
      1,
      0,
      0
    ],
    [
      43,
      734,
      0,
      0
    ],
    [
      119,
      129,
      0,
      0
    ],
    [
      86,
      264,
      0,
      0
    ]
  ],
  "roc_auc_ovr_macro": 0.8018802362054669,
  "macro_f1_ci95": {
    "mean": 0.3939332930639871,
    "lo": 0.38579706751033804,
    "hi": 0.40170355445275036
  },
  "per_class_f1_ci95": {
    "Cyst": {
      "mean": 0.8046699468189221,
      "lo": 0.7811444453627632,
      "hi": 0.8275395282587859
    },
    "Normal": {
      "mean": 0.7710632254370265,
      "lo": 0.7502784667945898,
      "hi": 0.7906983015980532
    },
    "Stone": {
      "mean": 0.0,
      "lo": 0.0,
      "hi": 0.0
    },
    "Tumor": {
      "mean": 0.0,
      "lo": 0.0,
      "hi": 0.0
    }
  }
}