{
  "model_name": "efficientnet_b0_clean_sweep_v2_050pct_tta_hflip",
  "n_test": 1888,
  "classes": [
    "Cyst",
    "Normal",
    "Stone",
    "Tumor"
  ],
  "accuracy": 0.7981991525423728,
  "macro_f1": 0.75890896707423,
  "weighted_f1": 0.796657322283436,
  "per_class": {
    "Cyst": {
      "precision": 0.8665338645418327,
      "recall": 0.847953216374269,
      "f1": 0.8571428571428571,
      "support": 513
    },
    "Normal": {
      "precision": 0.8397040690505548,
      "recall": 0.8764478764478765,
      "f1": 0.8576826196473551,
      "support": 777
    },
    "Stone": {
      "precision": 0.6790697674418604,
      "recall": 0.5887096774193549,
      "f1": 0.6306695464362851,
      "support": 248
    },
    "Tumor": {
      "precision": 0.6805555555555556,
      "recall": 0.7,
      "f1": 0.6901408450704225,
      "support": 350
    }
  },
  "confusion_matrix": [
    [
      435,
      0,
      61,
      17
    ],
    [
      12,
      681,
      8,
      76
    ],
    [
      36,
      44,
      146,
      22
    ],
    [
      19,
      86,
      0,
      245
    ]
  ],
  "roc_auc_ovr_macro": 0.9537901303367344,
  "macro_f1_ci95": {
    "mean": 0.7589787585182391,
    "lo": 0.738152708322779,
    "hi": 0.7806388494835269
  },
  "per_class_f1_ci95": {
    "Cyst": {
      "mean": 0.8577895860559138,
      "lo": 0.8335034904013962,
      "hi": 0.8794490020329658
    },
    "Normal": {
      "mean": 0.8579022818774541,
      "lo": 0.8403353356551746,
      "hi": 0.8754707178744732
    },
    "Stone": {
      "mean": 0.6306451063986127,
      "lo": 0.5783119434258774,
      "hi": 0.679026284348865
    },
    "Tumor": {
      "mean": 0.6895780597409761,
      "lo": 0.6504496729083018,
      "hi": 0.7260697774337415
    }
  }
}