{
  "model_name": "classical_xgb_frac_010",
  "n_test": 1867,
  "classes": [
    "Cyst",
    "Normal",
    "Stone",
    "Tumor"
  ],
  "accuracy": 0.967327262988752,
  "macro_f1": 0.9554034612787192,
  "weighted_f1": 0.9668334269570104,
  "per_class": {
    "Cyst": {
      "precision": 0.9614035087719298,
      "recall": 0.9856115107913669,
      "f1": 0.9733570159857904,
      "support": 556
    },
    "Normal": {
      "precision": 0.9717586649550706,
      "recall": 0.9934383202099738,
      "f1": 0.9824789097988319,
      "support": 762
    },
    "Stone": {
      "precision": 0.9725274725274725,
      "recall": 0.855072463768116,
      "f1": 0.910025706940874,
      "support": 207
    },
    "Tumor": {
      "precision": 0.9642857142857143,
      "recall": 0.9473684210526315,
      "f1": 0.9557522123893806,
      "support": 342
    }
  },
  "confusion_matrix": [
    [
      548,
      0,
      4,
      4
    ],
    [
      1,
      757,
      1,
      3
    ],
    [
      19,
      6,
      177,
      5
    ],
    [
      2,
      16,
      0,
      324
    ]
  ],
  "roc_auc_ovr_macro": 0.99634062725585,
  "macro_f1_ci95": {
    "mean": 0.9552130712593715,
    "lo": 0.9437524022355778,
    "hi": 0.9666288014807052
  },
  "per_class_f1_ci95": {
    "Cyst": {
      "mean": 0.9731940176921977,
      "lo": 0.9629597618361663,
      "hi": 0.9819176333879528
    },
    "Normal": {
      "mean": 0.9824143238796325,
      "lo": 0.9754795239477189,
      "hi": 0.9887411091259652
    },
    "Stone": {
      "mean": 0.9097212071158542,
      "lo": 0.8790449639367742,
      "hi": 0.9379075697035254
    },
    "Tumor": {
      "mean": 0.9555227363498018,
      "lo": 0.938344893798341,
      "hi": 0.9721004927166956
    }
  }
}