{
  "model_name": "classical_svm_frac_010",
  "n_test": 1888,
  "classes": [
    "Cyst",
    "Normal",
    "Stone",
    "Tumor"
  ],
  "accuracy": 0.902542372881356,
  "macro_f1": 0.8823258660328066,
  "weighted_f1": 0.9011660348201904,
  "per_class": {
    "Cyst": {
      "precision": 0.9469548133595285,
      "recall": 0.9395711500974658,
      "f1": 0.9432485322896281,
      "support": 513
    },
    "Normal": {
      "precision": 0.8798586572438163,
      "recall": 0.9613899613899614,
      "f1": 0.9188191881918819,
      "support": 777
    },
    "Stone": {
      "precision": 0.8356164383561644,
      "recall": 0.7379032258064516,
      "f1": 0.7837259100642399,
      "support": 248
    },
    "Tumor": {
      "precision": 0.9389067524115756,
      "recall": 0.8342857142857143,
      "f1": 0.8835098335854765,
      "support": 350
    }
  },
  "confusion_matrix": [
    [
      482,
      2,
      29,
      0
    ],
    [
      9,
      747,
      7,
      14
    ],
    [
      14,
      46,
      183,
      5
    ],
    [
      4,
      54,
      0,
      292
    ]
  ],
  "roc_auc_ovr_macro": 0.9608412058613881,
  "macro_f1_ci95": {
    "mean": 0.8825039874154595,
    "lo": 0.8665181462378063,
    "hi": 0.8982185942650377
  },
  "per_class_f1_ci95": {
    "Cyst": {
      "mean": 0.9435739619466297,
      "lo": 0.9297690224184123,
      "hi": 0.9571020019065777
    },
    "Normal": {
      "mean": 0.9191505544744735,
      "lo": 0.9058216918964604,
      "hi": 0.9315445166676606
    },
    "Stone": {
      "mean": 0.7838904313800127,
      "lo": 0.7423494951879231,
      "hi": 0.822184121241265
    },
    "Tumor": {
      "mean": 0.8834010018607228,
      "lo": 0.8571428571428571,
      "hi": 0.9079948475740661
    }
  }
}