{
  "model_name": "efficientnet_b0",
  "n_test": 1888,
  "classes": [
    "Cyst",
    "Normal",
    "Stone",
    "Tumor"
  ],
  "accuracy": 0.8013771186440678,
  "macro_f1": 0.767940515572302,
  "weighted_f1": 0.8042567638167114,
  "per_class": {
    "Cyst": {
      "precision": 0.8796680497925311,
      "recall": 0.8265107212475633,
      "f1": 0.8522613065326633,
      "support": 513
    },
    "Normal": {
      "precision": 0.8735019973368842,
      "recall": 0.8442728442728443,
      "f1": 0.8586387434554974,
      "support": 777
    },
    "Stone": {
      "precision": 0.5724381625441696,
      "recall": 0.6532258064516129,
      "f1": 0.6101694915254238,
      "support": 248
    },
    "Tumor": {
      "precision": 0.728494623655914,
      "recall": 0.7742857142857142,
      "f1": 0.7506925207756233,
      "support": 350
    }
  },
  "confusion_matrix": [
    [
      424,
      0,
      74,
      15
    ],
    [
      8,
      656,
      47,
      66
    ],
    [
      35,
      31,
      162,
      20
    ],
    [
      15,
      64,
      0,
      271
    ]
  ],
  "roc_auc_ovr_macro": 0.9571269629180627,
  "macro_f1_ci95": {
    "mean": 0.767555177168102,
    "lo": 0.7483319175644698,
    "hi": 0.7885016068442058
  },
  "per_class_f1_ci95": {
    "Cyst": {
      "mean": 0.8520527708569084,
      "lo": 0.8278653013819957,
      "hi": 0.8748730325757553
    },
    "Normal": {
      "mean": 0.858880635219892,
      "lo": 0.8398649070318093,
      "hi": 0.8772168428515665
    },
    "Stone": {
      "mean": 0.6088085679963552,
      "lo": 0.5585207857115183,
      "hi": 0.6589076272753195
    },
    "Tumor": {
      "mean": 0.7504787345992522,
      "lo": 0.7165814098173158,
      "hi": 0.7837529906369012
    }
  }
}