{
  "model_name": "convnextv2_base_seed2_cos_tta_hflip",
  "n_test": 1888,
  "classes": [
    "Cyst",
    "Normal",
    "Stone",
    "Tumor"
  ],
  "accuracy": 0.8649364406779662,
  "macro_f1": 0.8379140904438381,
  "weighted_f1": 0.8636235679104008,
  "per_class": {
    "Cyst": {
      "precision": 0.8829174664107485,
      "recall": 0.8966861598440545,
      "f1": 0.8897485493230174,
      "support": 513
    },
    "Normal": {
      "precision": 0.9043367346938775,
      "recall": 0.9124839124839125,
      "f1": 0.9083920563741191,
      "support": 777
    },
    "Stone": {
      "precision": 0.8333333333333334,
      "recall": 0.6653225806451613,
      "f1": 0.7399103139013453,
      "support": 248
    },
    "Tumor": {
      "precision": 0.7766233766233767,
      "recall": 0.8542857142857143,
      "f1": 0.8136054421768707,
      "support": 350
    }
  },
  "confusion_matrix": [
    [
      460,
      1,
      28,
      24
    ],
    [
      4,
      709,
      4,
      60
    ],
    [
      39,
      42,
      165,
      2
    ],
    [
      18,
      32,
      1,
      299
    ]
  ],
  "roc_auc_ovr_macro": 0.9814456041398343,
  "macro_f1_ci95": {
    "mean": 0.8378914158888467,
    "lo": 0.8203313779999503,
    "hi": 0.8572264844699479
  },
  "per_class_f1_ci95": {
    "Cyst": {
      "mean": 0.8902952065035197,
      "lo": 0.8693950224636846,
      "hi": 0.9101210962733906
    },
    "Normal": {
      "mean": 0.90834124482323,
      "lo": 0.8932643494051677,
      "hi": 0.9245109179380409
    },
    "Stone": {
      "mean": 0.7400257160017462,
      "lo": 0.6913515609850688,
      "hi": 0.7848621036916634
    },
    "Tumor": {
      "mean": 0.8129034962268914,
      "lo": 0.7834173179761416,
      "hi": 0.8419757661859024
    }
  }
}