{
  "model_name": "efficientnet_b0",
  "n_test": 1888,
  "classes": [
    "Cyst",
    "Normal",
    "Stone",
    "Tumor"
  ],
  "accuracy": 0.7515889830508474,
  "macro_f1": 0.720754126854526,
  "weighted_f1": 0.759381661207833,
  "per_class": {
    "Cyst": {
      "precision": 0.8668122270742358,
      "recall": 0.7738791423001949,
      "f1": 0.8177136972193615,
      "support": 513
    },
    "Normal": {
      "precision": 0.8484005563282336,
      "recall": 0.7850707850707851,
      "f1": 0.8155080213903744,
      "support": 777
    },
    "Stone": {
      "precision": 0.4696132596685083,
      "recall": 0.6854838709677419,
      "f1": 0.5573770491803278,
      "support": 248
    },
    "Tumor": {
      "precision": 0.6934097421203438,
      "recall": 0.6914285714285714,
      "f1": 0.6924177396280401,
      "support": 350
    }
  },
  "confusion_matrix": [
    [
      397,
      1,
      103,
      12
    ],
    [
      12,
      610,
      89,
      66
    ],
    [
      23,
      26,
      170,
      29
    ],
    [
      26,
      82,
      0,
      242
    ]
  ],
  "roc_auc_ovr_macro": 0.9230852351615646,
  "macro_f1_ci95": {
    "mean": 0.7208847187858862,
    "lo": 0.6992950118173706,
    "hi": 0.7423367674087055
  },
  "per_class_f1_ci95": {
    "Cyst": {
      "mean": 0.8181724439328447,
      "lo": 0.7905527288202204,
      "hi": 0.8445030464351859
    },
    "Normal": {
      "mean": 0.8160513947088439,
      "lo": 0.7936709783368208,
      "hi": 0.8357448935129761
    },
    "Stone": {
      "mean": 0.5567926556511563,
      "lo": 0.5121065932897954,
      "hi": 0.6020094718147735
    },
    "Tumor": {
      "mean": 0.6925223808506996,
      "lo": 0.6514202294056309,
      "hi": 0.7287671232876712
    }
  }
}