{
  "model_name": "convnextv2_base",
  "n_test": 934,
  "classes": [
    "Cyst",
    "Normal",
    "Stone",
    "Tumor"
  ],
  "accuracy": 0.9925053533190579,
  "macro_f1": 0.9897993868776519,
  "weighted_f1": 0.9925298372639448,
  "per_class": {
    "Cyst": {
      "precision": 0.9964028776978417,
      "recall": 0.992831541218638,
      "f1": 0.9946140035906643,
      "support": 279
    },
    "Normal": {
      "precision": 0.9947368421052631,
      "recall": 0.9921259842519685,
      "f1": 0.9934296977660972,
      "support": 381
    },
    "Stone": {
      "precision": 0.9619047619047619,
      "recall": 0.9805825242718447,
      "f1": 0.9711538461538461,
      "support": 103
    },
    "Tumor": {
      "precision": 1.0,
      "recall": 1.0,
      "f1": 1.0,
      "support": 171
    }
  },
  "confusion_matrix": [
    [
      277,
      0,
      2,
      0
    ],
    [
      1,
      378,
      2,
      0
    ],
    [
      0,
      2,
      101,
      0
    ],
    [
      0,
      0,
      0,
      171
    ]
  ],
  "roc_auc_ovr_macro": 0.9998673910377534,
  "macro_f1_ci95": {
    "mean": 0.9899579080616393,
    "lo": 0.981333561617165,
    "hi": 0.9968049514927348
  },
  "per_class_f1_ci95": {
    "Cyst": {
      "mean": 0.9947954015762442,
      "lo": 0.9880333333333334,
      "hi": 1.0
    },
    "Normal": {
      "mean": 0.9934877044360237,
      "lo": 0.9870873325696321,
      "hi": 0.9986684420772304
    },
    "Stone": {
      "mean": 0.9715485262342891,
      "lo": 0.9458038513210927,
      "hi": 0.9911542901115814
    },
    "Tumor": {
      "mean": 1.0,
      "lo": 1.0,
      "hi": 1.0
    }
  }
}