{
  "model_name": "efficientnet_b0_tta_basic",
  "n_test": 934,
  "classes": [
    "Cyst",
    "Normal",
    "Stone",
    "Tumor"
  ],
  "accuracy": 0.9828693790149893,
  "macro_f1": 0.9791461523961629,
  "weighted_f1": 0.982917846394311,
  "per_class": {
    "Cyst": {
      "precision": 0.9927007299270073,
      "recall": 0.974910394265233,
      "f1": 0.9837251356238698,
      "support": 279
    },
    "Normal": {
      "precision": 0.9920844327176781,
      "recall": 0.9868766404199475,
      "f1": 0.9894736842105263,
      "support": 381
    },
    "Stone": {
      "precision": 0.9528301886792453,
      "recall": 0.9805825242718447,
      "f1": 0.9665071770334929,
      "support": 103
    },
    "Tumor": {
      "precision": 0.9657142857142857,
      "recall": 0.9883040935672515,
      "f1": 0.976878612716763,
      "support": 171
    }
  },
  "confusion_matrix": [
    [
      272,
      0,
      4,
      3
    ],
    [
      2,
      376,
      0,
      3
    ],
    [
      0,
      2,
      101,
      0
    ],
    [
      0,
      1,
      1,
      169
    ]
  ],
  "roc_auc_ovr_macro": 0.9997495900426833,
  "macro_f1_ci95": {
    "mean": 0.9788150926603967,
    "lo": 0.9676047756307344,
    "hi": 0.9888657415055101
  },
  "per_class_f1_ci95": {
    "Cyst": {
      "mean": 0.9834915692138395,
      "lo": 0.9717509133377253,
      "hi": 0.993103448275862
    },
    "Normal": {
      "mean": 0.9894574882791448,
      "lo": 0.9820964811711791,
      "hi": 0.9961389961389961
    },
    "Stone": {
      "mean": 0.965777465991672,
      "lo": 0.9368356867779204,
      "hi": 0.9872367357931592
    },
    "Tumor": {
      "mean": 0.9765338471569303,
      "lo": 0.9580838323353293,
      "hi": 0.9915492957746479
    }
  }
}