{
  "model_name": "classical_svm",
  "n_test": 1867,
  "classes": [
    "Cyst",
    "Normal",
    "Stone",
    "Tumor"
  ],
  "accuracy": 0.87252276379218,
  "macro_f1": 0.8514773097956065,
  "weighted_f1": 0.8740511960909849,
  "per_class": {
    "Cyst": {
      "precision": 0.9115523465703971,
      "recall": 0.908273381294964,
      "f1": 0.9099099099099099,
      "support": 556
    },
    "Normal": {
      "precision": 0.9333333333333333,
      "recall": 0.863517060367454,
      "f1": 0.8970688479890934,
      "support": 762
    },
    "Stone": {
      "precision": 0.7276595744680852,
      "recall": 0.8260869565217391,
      "f1": 0.7737556561085973,
      "support": 207
    },
    "Tumor": {
      "precision": 0.7908847184986595,
      "recall": 0.8625730994152047,
      "f1": 0.8251748251748252,
      "support": 342
    }
  },
  "confusion_matrix": [
    [
      505,
      3,
      23,
      25
    ],
    [
      10,
      658,
      41,
      53
    ],
    [
      24,
      12,
      171,
      0
    ],
    [
      15,
      32,
      0,
      295
    ]
  ],
  "roc_auc_ovr_macro": 0.9763179612680323,
  "macro_f1_ci95": {
    "mean": 0.8513515574748703,
    "lo": 0.8340306536192728,
    "hi": 0.8681180763785292
  },
  "per_class_f1_ci95": {
    "Cyst": {
      "mean": 0.9099340724771616,
      "lo": 0.8908127398438533,
      "hi": 0.92656711190942
    },
    "Normal": {
      "mean": 0.8969615915809194,
      "lo": 0.8801710366536589,
      "hi": 0.912468731735827
    },
    "Stone": {
      "mean": 0.7739477564781144,
      "lo": 0.7298528442238559,
      "hi": 0.8126604862028006
    },
    "Tumor": {
      "mean": 0.8245628093632862,
      "lo": 0.7944818007662835,
      "hi": 0.8556446912141
    }
  }
}