{
  "model_name": "efficientnet_b0_clean_sweep_v2_010pct_tta_hflip",
  "n_test": 1888,
  "classes": [
    "Cyst",
    "Normal",
    "Stone",
    "Tumor"
  ],
  "accuracy": 0.7621822033898306,
  "macro_f1": 0.7306494116132701,
  "weighted_f1": 0.7692068631470119,
  "per_class": {
    "Cyst": {
      "precision": 0.8779956427015251,
      "recall": 0.7855750487329435,
      "f1": 0.8292181069958847,
      "support": 513
    },
    "Normal": {
      "precision": 0.8559556786703602,
      "recall": 0.7953667953667953,
      "f1": 0.8245496997998666,
      "support": 777
    },
    "Stone": {
      "precision": 0.4883720930232558,
      "recall": 0.6774193548387096,
      "f1": 0.5675675675675675,
      "support": 248
    },
    "Tumor": {
      "precision": 0.6887052341597796,
      "recall": 0.7142857142857143,
      "f1": 0.7012622720897616,
      "support": 350
    }
  },
  "confusion_matrix": [
    [
      403,
      0,
      100,
      10
    ],
    [
      14,
      618,
      76,
      69
    ],
    [
      22,
      24,
      168,
      34
    ],
    [
      20,
      80,
      0,
      250
    ]
  ],
  "roc_auc_ovr_macro": 0.9293660691176766,
  "macro_f1_ci95": {
    "mean": 0.7304555007956615,
    "lo": 0.7098292526077744,
    "hi": 0.7521120558745247
  },
  "per_class_f1_ci95": {
    "Cyst": {
      "mean": 0.829498523628746,
      "lo": 0.8025219813374136,
      "hi": 0.8550963133312303
    },
    "Normal": {
      "mean": 0.8249952737443175,
      "lo": 0.8041186577723873,
      "hi": 0.8458443580814246
    },
    "Stone": {
      "mean": 0.5670233677360645,
      "lo": 0.5202792758696817,
      "hi": 0.6111111111111112
    },
    "Tumor": {
      "mean": 0.7003048380735177,
      "lo": 0.6580058099794942,
      "hi": 0.7358835973487747
    }
  }
}