{
  "model_name": "efficientnet_b0",
  "n_test": 1888,
  "classes": [
    "Cyst",
    "Normal",
    "Stone",
    "Tumor"
  ],
  "accuracy": 0.6504237288135594,
  "macro_f1": 0.3882333891167298,
  "weighted_f1": 0.5280855692579683,
  "per_class": {
    "Cyst": {
      "precision": 0.6706989247311828,
      "recall": 0.9727095516569201,
      "f1": 0.7939538583929993,
      "support": 513
    },
    "Normal": {
      "precision": 0.6372377622377622,
      "recall": 0.9382239382239382,
      "f1": 0.7589796980739199,
      "support": 777
    },
    "Stone": {
      "precision": 0.0,
      "recall": 0.0,
      "f1": 0.0,
      "support": 248
    },
    "Tumor": {
      "precision": 0.0,
      "recall": 0.0,
      "f1": 0.0,
      "support": 350
    }
  },
  "confusion_matrix": [
    [
      499,
      14,
      0,
      0
    ],
    [
      48,
      729,
      0,
      0
    ],
    [
      93,
      155,
      0,
      0
    ],
    [
      104,
      246,
      0,
      0
    ]
  ],
  "roc_auc_ovr_macro": 0.7640134595243524,
  "macro_f1_ci95": {
    "mean": 0.38840258251029397,
    "lo": 0.3795636933991927,
    "hi": 0.397016123368574
  },
  "per_class_f1_ci95": {
    "Cyst": {
      "mean": 0.7942861885275834,
      "lo": 0.7673505786051807,
      "hi": 0.8184828824646954
    },
    "Normal": {
      "mean": 0.7593241415135925,
      "lo": 0.7359437522488222,
      "hi": 0.7795101127878556
    },
    "Stone": {
      "mean": 0.0,
      "lo": 0.0,
      "hi": 0.0
    },
    "Tumor": {
      "mean": 0.0,
      "lo": 0.0,
      "hi": 0.0
    }
  }
}