{
  "model_name": "convnextv2_base_clean_sweep_v2_025pct_tta_hflip",
  "n_test": 1888,
  "classes": [
    "Cyst",
    "Normal",
    "Stone",
    "Tumor"
  ],
  "accuracy": 0.8225635593220338,
  "macro_f1": 0.7897357105004318,
  "weighted_f1": 0.8228099092077416,
  "per_class": {
    "Cyst": {
      "precision": 0.8616600790513834,
      "recall": 0.8499025341130604,
      "f1": 0.8557409224730128,
      "support": 513
    },
    "Normal": {
      "precision": 0.8857142857142857,
      "recall": 0.8777348777348777,
      "f1": 0.8817065287653523,
      "support": 777
    },
    "Stone": {
      "precision": 0.6791666666666667,
      "recall": 0.657258064516129,
      "f1": 0.6680327868852459,
      "support": 248
    },
    "Tumor": {
      "precision": 0.7311827956989247,
      "recall": 0.7771428571428571,
      "f1": 0.7534626038781164,
      "support": 350
    }
  },
  "confusion_matrix": [
    [
      436,
      1,
      48,
      28
    ],
    [
      5,
      682,
      29,
      61
    ],
    [
      25,
      49,
      163,
      11
    ],
    [
      40,
      38,
      0,
      272
    ]
  ],
  "roc_auc_ovr_macro": 0.957093156552661,
  "macro_f1_ci95": {
    "mean": 0.7891789068821481,
    "lo": 0.7681665879004367,
    "hi": 0.8105688066230305
  },
  "per_class_f1_ci95": {
    "Cyst": {
      "mean": 0.8562008669436282,
      "lo": 0.8315541074722694,
      "hi": 0.8789475314407729
    },
    "Normal": {
      "mean": 0.8813914887309036,
      "lo": 0.8636958953510697,
      "hi": 0.8987916318882865
    },
    "Stone": {
      "mean": 0.6666388873978201,
      "lo": 0.6146733723886371,
      "hi": 0.716997780244173
    },
    "Tumor": {
      "mean": 0.7524843844562406,
      "lo": 0.7155835169904157,
      "hi": 0.7856189194985476
    }
  }
}