{
  "model_name": "classical_xgb_frac_100",
  "n_test": 1867,
  "classes": [
    "Cyst",
    "Normal",
    "Stone",
    "Tumor"
  ],
  "accuracy": 0.9930369576861274,
  "macro_f1": 0.9896626534862236,
  "weighted_f1": 0.9929729518135718,
  "per_class": {
    "Cyst": {
      "precision": 0.9875666074600356,
      "recall": 1.0,
      "f1": 0.9937444146559428,
      "support": 556
    },
    "Normal": {
      "precision": 0.9934725848563969,
      "recall": 0.9986876640419947,
      "f1": 0.9960732984293194,
      "support": 762
    },
    "Stone": {
      "precision": 0.9949238578680203,
      "recall": 0.9468599033816425,
      "f1": 0.9702970297029703,
      "support": 207
    },
    "Tumor": {
      "precision": 1.0,
      "recall": 0.9970760233918129,
      "f1": 0.9985358711566618,
      "support": 342
    }
  },
  "confusion_matrix": [
    [
      556,
      0,
      0,
      0
    ],
    [
      0,
      761,
      1,
      0
    ],
    [
      6,
      5,
      196,
      0
    ],
    [
      1,
      0,
      0,
      341
    ]
  ],
  "roc_auc_ovr_macro": 0.9992910990851005,
  "macro_f1_ci95": {
    "mean": 0.9895602263310445,
    "lo": 0.9835319027678561,
    "hi": 0.9948146157192972
  },
  "per_class_f1_ci95": {
    "Cyst": {
      "mean": 0.9936770795788611,
      "lo": 0.9884611111111111,
      "hi": 0.9974727263322949
    },
    "Normal": {
      "mean": 0.996049928767101,
      "lo": 0.9927101623833641,
      "hi": 0.9987437973073388
    },
    "Stone": {
      "mean": 0.9699588072926206,
      "lo": 0.9521524737860124,
      "hi": 0.9855157916324857
    },
    "Tumor": {
      "mean": 0.998555089685595,
      "lo": 0.9952145429969202,
      "hi": 1.0
    }
  }
}