{
  "model_name": "efficientnet_b0",
  "n_test": 1888,
  "classes": [
    "Cyst",
    "Normal",
    "Stone",
    "Tumor"
  ],
  "accuracy": 0.7563559322033898,
  "macro_f1": 0.7174770095553573,
  "weighted_f1": 0.7578640881256502,
  "per_class": {
    "Cyst": {
      "precision": 0.845360824742268,
      "recall": 0.7992202729044834,
      "f1": 0.8216432865731463,
      "support": 513
    },
    "Normal": {
      "precision": 0.8176020408163265,
      "recall": 0.824967824967825,
      "f1": 0.8212684176809737,
      "support": 777
    },
    "Stone": {
      "precision": 0.5437956204379562,
      "recall": 0.6008064516129032,
      "f1": 0.5708812260536399,
      "support": 248
    },
    "Tumor": {
      "precision": 0.6608695652173913,
      "recall": 0.6514285714285715,
      "f1": 0.6561151079136691,
      "support": 350
    }
  },
  "confusion_matrix": [
    [
      410,
      2,
      71,
      30
    ],
    [
      19,
      641,
      54,
      63
    ],
    [
      33,
      42,
      149,
      24
    ],
    [
      23,
      99,
      0,
      228
    ]
  ],
  "roc_auc_ovr_macro": 0.9277688873613045,
  "macro_f1_ci95": {
    "mean": 0.7172715420133843,
    "lo": 0.6959072600545623,
    "hi": 0.7386722010001787
  },
  "per_class_f1_ci95": {
    "Cyst": {
      "mean": 0.8220811069543237,
      "lo": 0.7940544086357735,
      "hi": 0.8483048247766761
    },
    "Normal": {
      "mean": 0.8213425586997116,
      "lo": 0.8005268530788038,
      "hi": 0.8413168334373243
    },
    "Stone": {
      "mean": 0.5702759200016055,
      "lo": 0.5210994465996213,
      "hi": 0.6191412323959306
    },
    "Tumor": {
      "mean": 0.6553865823978969,
      "lo": 0.6142027788348199,
      "hi": 0.691300273715878
    }
  }
}