{
  "model_name": "convnextv2_base_seed0_cos_tta_hflip",
  "n_test": 1888,
  "classes": [
    "Cyst",
    "Normal",
    "Stone",
    "Tumor"
  ],
  "accuracy": 0.8617584745762712,
  "macro_f1": 0.8369321560621376,
  "weighted_f1": 0.8612028284253674,
  "per_class": {
    "Cyst": {
      "precision": 0.9035433070866141,
      "recall": 0.8947368421052632,
      "f1": 0.8991185112634672,
      "support": 513
    },
    "Normal": {
      "precision": 0.8939393939393939,
      "recall": 0.9111969111969112,
      "f1": 0.9024856596558317,
      "support": 777
    },
    "Stone": {
      "precision": 0.8325358851674641,
      "recall": 0.7016129032258065,
      "f1": 0.7614879649890591,
      "support": 248
    },
    "Tumor": {
      "precision": 0.7546174142480211,
      "recall": 0.8171428571428572,
      "f1": 0.7846364883401921,
      "support": 350
    }
  },
  "confusion_matrix": [
    [
      459,
      0,
      31,
      23
    ],
    [
      4,
      708,
      4,
      61
    ],
    [
      25,
      40,
      174,
      9
    ],
    [
      20,
      44,
      0,
      286
    ]
  ],
  "roc_auc_ovr_macro": 0.9820161009266325,
  "macro_f1_ci95": {
    "mean": 0.8367565149598944,
    "lo": 0.818845717586267,
    "hi": 0.8560141880550984
  },
  "per_class_f1_ci95": {
    "Cyst": {
      "mean": 0.8995577937568556,
      "lo": 0.8794194647606384,
      "hi": 0.9181010244735344
    },
    "Normal": {
      "mean": 0.90241727109517,
      "lo": 0.8867153956375567,
      "hi": 0.9182222641186445
    },
    "Stone": {
      "mean": 0.7612377127480302,
      "lo": 0.713969407844919,
      "hi": 0.8035896697388633
    },
    "Tumor": {
      "mean": 0.7838132822395223,
      "lo": 0.7503362068965518,
      "hi": 0.8140904845518736
    }
  }
}