{
  "model_name": "convnextv2_4seed_cos_tta_ensemble",
  "n_test": 1888,
  "classes": [
    "Cyst",
    "Normal",
    "Stone",
    "Tumor"
  ],
  "accuracy": 0.8649364406779662,
  "macro_f1": 0.8373514528783434,
  "weighted_f1": 0.8640602217841835,
  "per_class": {
    "Cyst": {
      "precision": 0.902970297029703,
      "recall": 0.8888888888888888,
      "f1": 0.8958742632612967,
      "support": 513
    },
    "Normal": {
      "precision": 0.9034307496823379,
      "recall": 0.915057915057915,
      "f1": 0.9092071611253197,
      "support": 777
    },
    "Stone": {
      "precision": 0.8146341463414634,
      "recall": 0.6733870967741935,
      "f1": 0.7373068432671082,
      "support": 248
    },
    "Tumor": {
      "precision": 0.7647058823529411,
      "recall": 0.8542857142857143,
      "f1": 0.8070175438596491,
      "support": 350
    }
  },
  "confusion_matrix": [
    [
      456,
      1,
      32,
      24
    ],
    [
      4,
      711,
      5,
      57
    ],
    [
      29,
      41,
      167,
      11
    ],
    [
      16,
      34,
      1,
      299
    ]
  ],
  "roc_auc_ovr_macro": 0.9812434164942359,
  "macro_f1_ci95": {
    "mean": 0.8373682023911406,
    "lo": 0.818555904481492,
    "hi": 0.8558980198317989
  },
  "per_class_f1_ci95": {
    "Cyst": {
      "mean": 0.8964054811470069,
      "lo": 0.8760951219512195,
      "hi": 0.9156216251539101
    },
    "Normal": {
      "mean": 0.9091786982083961,
      "lo": 0.8943798984240161,
      "hi": 0.9243146535867566
    },
    "Stone": {
      "mean": 0.7375973212631058,
      "lo": 0.688220467357024,
      "hi": 0.7833019389135646
    },
    "Tumor": {
      "mean": 0.8062913089460537,
      "lo": 0.7761471521262016,
      "hi": 0.8356577572324846
    }
  }
}