{
  "model_name": "efficientnet_b0_tta_rot",
  "n_test": 934,
  "classes": [
    "Cyst",
    "Normal",
    "Stone",
    "Tumor"
  ],
  "accuracy": 0.9764453961456103,
  "macro_f1": 0.9710677357350392,
  "weighted_f1": 0.9766258139106025,
  "per_class": {
    "Cyst": {
      "precision": 1.0,
      "recall": 0.9605734767025089,
      "f1": 0.979890310786106,
      "support": 279
    },
    "Normal": {
      "precision": 0.9920424403183024,
      "recall": 0.9816272965879265,
      "f1": 0.9868073878627969,
      "support": 381
    },
    "Stone": {
      "precision": 0.9351851851851852,
      "recall": 0.9805825242718447,
      "f1": 0.957345971563981,
      "support": 103
    },
    "Tumor": {
      "precision": 0.9337016574585635,
      "recall": 0.9883040935672515,
      "f1": 0.9602272727272727,
      "support": 171
    }
  },
  "confusion_matrix": [
    [
      268,
      0,
      6,
      5
    ],
    [
      0,
      374,
      0,
      7
    ],
    [
      0,
      2,
      101,
      0
    ],
    [
      0,
      1,
      1,
      169
    ]
  ],
  "roc_auc_ovr_macro": 0.9995284842283862,
  "macro_f1_ci95": {
    "mean": 0.9704985087035929,
    "lo": 0.9580092698595719,
    "hi": 0.9827984343197754
  },
  "per_class_f1_ci95": {
    "Cyst": {
      "mean": 0.9793915876801309,
      "lo": 0.965645564622269,
      "hi": 0.9907603902313746
    },
    "Normal": {
      "mean": 0.9866942571422809,
      "lo": 0.9780035512967071,
      "hi": 0.9945810385523209
    },
    "Stone": {
      "mean": 0.9563267751279371,
      "lo": 0.9245283018867925,
      "hi": 0.9818181818181818
    },
    "Tumor": {
      "mean": 0.9595814148640225,
      "lo": 0.9364477335800185,
      "hi": 0.9799005773854949
    }
  }
}