{
  "model_name": "convnextv2_base_clean_sweep_025pct_tta_hflip",
  "n_test": 1888,
  "classes": [
    "Cyst",
    "Normal",
    "Stone",
    "Tumor"
  ],
  "accuracy": 0.6753177966101694,
  "macro_f1": 0.40461601436477845,
  "weighted_f1": 0.5490604187254666,
  "per_class": {
    "Cyst": {
      "precision": 0.7331378299120235,
      "recall": 0.9746588693957114,
      "f1": 0.8368200836820083,
      "support": 513
    },
    "Normal": {
      "precision": 0.642620232172471,
      "recall": 0.9974259974259975,
      "f1": 0.7816439737771054,
      "support": 777
    },
    "Stone": {
      "precision": 0.0,
      "recall": 0.0,
      "f1": 0.0,
      "support": 248
    },
    "Tumor": {
      "precision": 0.0,
      "recall": 0.0,
      "f1": 0.0,
      "support": 350
    }
  },
  "confusion_matrix": [
    [
      500,
      13,
      0,
      0
    ],
    [
      2,
      775,
      0,
      0
    ],
    [
      58,
      190,
      0,
      0
    ],
    [
      122,
      228,
      0,
      0
    ]
  ],
  "roc_auc_ovr_macro": 0.8289103362762393,
  "macro_f1_ci95": {
    "mean": 0.40481905888866604,
    "lo": 0.39720634136366023,
    "hi": 0.41263415839233764
  },
  "per_class_f1_ci95": {
    "Cyst": {
      "mean": 0.8371807058604277,
      "lo": 0.8144872227721799,
      "hi": 0.8595491264006077
    },
    "Normal": {
      "mean": 0.7820955296942363,
      "lo": 0.7624801945628357,
      "hi": 0.8034852065252772
    },
    "Stone": {
      "mean": 0.0,
      "lo": 0.0,
      "hi": 0.0
    },
    "Tumor": {
      "mean": 0.0,
      "lo": 0.0,
      "hi": 0.0
    }
  }
}