{
  "model_name": "efficientnet_b0_frac_050",
  "n_test": 934,
  "classes": [
    "Cyst",
    "Normal",
    "Stone",
    "Tumor"
  ],
  "accuracy": 0.9550321199143469,
  "macro_f1": 0.9467274276298543,
  "weighted_f1": 0.9553226401672261,
  "per_class": {
    "Cyst": {
      "precision": 0.978021978021978,
      "recall": 0.956989247311828,
      "f1": 0.967391304347826,
      "support": 279
    },
    "Normal": {
      "precision": 0.9706666666666667,
      "recall": 0.9553805774278216,
      "f1": 0.9629629629629629,
      "support": 381
    },
    "Stone": {
      "precision": 0.875,
      "recall": 0.9514563106796117,
      "f1": 0.9116279069767442,
      "support": 103
    },
    "Tumor": {
      "precision": 0.9367816091954023,
      "recall": 0.9532163742690059,
      "f1": 0.9449275362318841,
      "support": 171
    }
  },
  "confusion_matrix": [
    [
      267,
      1,
      5,
      6
    ],
    [
      5,
      364,
      7,
      5
    ],
    [
      1,
      4,
      98,
      0
    ],
    [
      0,
      6,
      2,
      163
    ]
  ],
  "roc_auc_ovr_macro": 0.9976512514220932,
  "macro_f1_ci95": {
    "mean": 0.9464132333234915,
    "lo": 0.9299326264135458,
    "hi": 0.961678392814245
  },
  "per_class_f1_ci95": {
    "Cyst": {
      "mean": 0.9675359468629884,
      "lo": 0.9504587155963303,
      "hi": 0.9821444458566344
    },
    "Normal": {
      "mean": 0.9627898383942247,
      "lo": 0.9487836016609601,
      "hi": 0.9756736136146091
    },
    "Stone": {
      "mean": 0.9114355852801881,
      "lo": 0.8704663212435233,
      "hi": 0.95
    },
    "Tumor": {
      "mean": 0.9438915627565645,
      "lo": 0.9163900182774442,
      "hi": 0.968526451577299
    }
  }
}