{
  "model_name": "convnextv2_base",
  "n_test": 1888,
  "classes": [
    "Cyst",
    "Normal",
    "Stone",
    "Tumor"
  ],
  "accuracy": 0.673728813559322,
  "macro_f1": 0.40397712198575136,
  "weighted_f1": 0.5479268623904741,
  "per_class": {
    "Cyst": {
      "precision": 0.7373887240356083,
      "recall": 0.9688109161793372,
      "f1": 0.8374052232518955,
      "support": 513
    },
    "Normal": {
      "precision": 0.6383855024711697,
      "recall": 0.9974259974259975,
      "f1": 0.77850326469111,
      "support": 777
    },
    "Stone": {
      "precision": 0.0,
      "recall": 0.0,
      "f1": 0.0,
      "support": 248
    },
    "Tumor": {
      "precision": 0.0,
      "recall": 0.0,
      "f1": 0.0,
      "support": 350
    }
  },
  "confusion_matrix": [
    [
      497,
      16,
      0,
      0
    ],
    [
      2,
      775,
      0,
      0
    ],
    [
      58,
      190,
      0,
      0
    ],
    [
      117,
      233,
      0,
      0
    ]
  ],
  "roc_auc_ovr_macro": 0.8321141440098003,
  "macro_f1_ci95": {
    "mean": 0.4041846443943013,
    "lo": 0.3965843338815613,
    "hi": 0.41190491470192736
  },
  "per_class_f1_ci95": {
    "Cyst": {
      "mean": 0.8377754609268779,
      "lo": 0.8153274820270806,
      "hi": 0.8595259881791584
    },
    "Normal": {
      "mean": 0.778963116650327,
      "lo": 0.7586065790634094,
      "hi": 0.799222788167578
    },
    "Stone": {
      "mean": 0.0,
      "lo": 0.0,
      "hi": 0.0
    },
    "Tumor": {
      "mean": 0.0,
      "lo": 0.0,
      "hi": 0.0
    }
  }
}