{
  "model_name": "efficientnet_b0_tta_hflip_clean",
  "n_test": 1888,
  "classes": [
    "Cyst",
    "Normal",
    "Stone",
    "Tumor"
  ],
  "accuracy": 0.826271186440678,
  "macro_f1": 0.7944881077356644,
  "weighted_f1": 0.8274673572115875,
  "per_class": {
    "Cyst": {
      "precision": 0.8961303462321792,
      "recall": 0.8576998050682261,
      "f1": 0.8764940239043825,
      "support": 513
    },
    "Normal": {
      "precision": 0.8858267716535433,
      "recall": 0.8687258687258688,
      "f1": 0.8771929824561403,
      "support": 777
    },
    "Stone": {
      "precision": 0.6573705179282868,
      "recall": 0.6653225806451613,
      "f1": 0.6613226452905812,
      "support": 248
    },
    "Tumor": {
      "precision": 0.7291666666666666,
      "recall": 0.8,
      "f1": 0.7629427792915532,
      "support": 350
    }
  },
  "confusion_matrix": [
    [
      440,
      0,
      61,
      12
    ],
    [
      5,
      675,
      25,
      72
    ],
    [
      29,
      34,
      165,
      20
    ],
    [
      17,
      53,
      0,
      280
    ]
  ],
  "roc_auc_ovr_macro": 0.9633346272692589,
  "macro_f1_ci95": {
    "mean": 0.7940610228091329,
    "lo": 0.7744009266185563,
    "hi": 0.8148688457214074
  },
  "per_class_f1_ci95": {
    "Cyst": {
      "mean": 0.8766182802303034,
      "lo": 0.8548304468535167,
      "hi": 0.8979187314172448
    },
    "Normal": {
      "mean": 0.877121134051239,
      "lo": 0.8597486696535175,
      "hi": 0.8937361588361337
    },
    "Stone": {
      "mean": 0.6605502097796232,
      "lo": 0.6113186347254611,
      "hi": 0.7087641063737438
    },
    "Tumor": {
      "mean": 0.761954467175366,
      "lo": 0.7277927449704524,
      "hi": 0.7951514315427552
    }
  }
}