{
  "model_name": "dummy_random",
  "n_test": 934,
  "classes": [
    "Cyst",
    "Normal",
    "Stone",
    "Tumor"
  ],
  "accuracy": 0.2334047109207709,
  "macro_f1": 0.22012852262372287,
  "weighted_f1": 0.2505835106610082,
  "per_class": {
    "Cyst": {
      "precision": 0.2777777777777778,
      "recall": 0.21505376344086022,
      "f1": 0.24242424242424243,
      "support": 279
    },
    "Normal": {
      "precision": 0.423963133640553,
      "recall": 0.24146981627296588,
      "f1": 0.3076923076923077,
      "support": 381
    },
    "Stone": {
      "precision": 0.076,
      "recall": 0.18446601941747573,
      "f1": 0.10764872521246459,
      "support": 103
    },
    "Tumor": {
      "precision": 0.18725099601593626,
      "recall": 0.27485380116959063,
      "f1": 0.22274881516587677,
      "support": 171
    }
  },
  "confusion_matrix": [
    [
      60,
      65,
      81,
      73
    ],
    [
      91,
      92,
      101,
      97
    ],
    [
      26,
      24,
      19,
      34
    ],
    [
      39,
      36,
      49,
      47
    ]
  ],
  "macro_f1_ci95": {
    "mean": 0.22032330904718375,
    "lo": 0.19658596972421738,
    "hi": 0.24592801330183295
  },
  "per_class_f1_ci95": {
    "Cyst": {
      "mean": 0.24299376044892285,
      "lo": 0.1916527777777778,
      "hi": 0.29425577681452264
    },
    "Normal": {
      "mean": 0.307689446852277,
      "lo": 0.2578365594389675,
      "hi": 0.35372849207424467
    },
    "Stone": {
      "mean": 0.10924910372564754,
      "lo": 0.06954528466425815,
      "hi": 0.15514625884458982
    },
    "Tumor": {
      "mean": 0.22136092516188768,
      "lo": 0.16867328799977427,
      "hi": 0.2758779596376927
    }
  }
}