{
  "n_test": 1888,
  "components": {
    "classical_svm": {
      "accuracy": 0.9279661016949152,
      "macro_f1": 0.9090587097629588,
      "per_class_f1": {
        "Cyst": 0.9612403100775194,
        "Normal": 0.9392059553349876,
        "Stone": 0.7991169977924945,
        "Tumor": 0.9366715758468336
      },
      "per_class_precision": {
        "Cyst": 0.9556840077071291,
        "Normal": 0.9065868263473054,
        "Stone": 0.8829268292682927,
        "Tumor": 0.9665653495440729
      },
      "per_class_recall": {
        "Cyst": 0.9668615984405458,
        "Normal": 0.9742599742599742,
        "Stone": 0.7298387096774194,
        "Tumor": 0.9085714285714286
      }
    },
    "efficientnet_b0": {
      "accuracy": 0.8013771186440678,
      "macro_f1": 0.767940515572302,
      "per_class_f1": {
        "Cyst": 0.8522613065326633,
        "Normal": 0.8586387434554974,
        "Stone": 0.6101694915254238,
        "Tumor": 0.7506925207756233
      },
      "per_class_precision": {
        "Cyst": 0.8796680497925311,
        "Normal": 0.8735019973368842,
        "Stone": 0.5724381625441696,
        "Tumor": 0.728494623655914
      },
      "per_class_recall": {
        "Cyst": 0.8265107212475633,
        "Normal": 0.8442728442728443,
        "Stone": 0.6532258064516129,
        "Tumor": 0.7742857142857142
      }
    },
    "convnextv2_base": {
      "accuracy": 0.8538135593220338,
      "macro_f1": 0.8218578942951466,
      "per_class_f1": {
        "Cyst": 0.8937875751503006,
        "Normal": 0.901462174189447,
        "Stone": 0.697986577181208,
        "Tumor": 0.7941952506596306
      },
      "per_class_precision": {
        "Cyst": 0.9195876288659793,
        "Normal": 0.8907035175879398,
        "Stone": 0.7839195979899497,
        "Tumor": 0.7377450980392157
      },
      "per_class_recall": {
        "Cyst": 0.8693957115009746,
        "Normal": 0.9124839124839125,
        "Stone": 0.6290322580645161,
        "Tumor": 0.86
      }
    }
  },
  "equal_weight_ensembles": {
    "classical_plus_effnetb0_w0.5": {
      "accuracy": 0.9465042372881356,
      "macro_f1": 0.9343429354736436,
      "per_class_f1": {
        "Cyst": 0.9698149951314509,
        "Normal": 0.9560301507537688,
        "Stone": 0.8706896551724138,
        "Tumor": 0.9408369408369408
      },
      "per_class_precision": {
        "Cyst": 0.9688715953307393,
        "Normal": 0.9337423312883436,
        "Stone": 0.9351851851851852,
        "Tumor": 0.9504373177842566
      },
      "per_class_recall": {
        "Cyst": 0.9707602339181286,
        "Normal": 0.9794079794079794,
        "Stone": 0.8145161290322581,
        "Tumor": 0.9314285714285714
      }
    },
    "classical_plus_convnextv2_w0.5": {
      "accuracy": 0.9459745762711864,
      "macro_f1": 0.9284408316716584,
      "per_class_f1": {
        "Cyst": 0.9835748792270531,
        "Normal": 0.9464615384615385,
        "Stone": 0.8141176470588235,
        "Tumor": 0.9696092619392185
      },
      "per_class_precision": {
        "Cyst": 0.975095785440613,
        "Normal": 0.9068396226415094,
        "Stone": 0.9774011299435028,
        "Tumor": 0.9824046920821115
      },
      "per_class_recall": {
        "Cyst": 0.9922027290448343,
        "Normal": 0.9897039897039897,
        "Stone": 0.6975806451612904,
        "Tumor": 0.9571428571428572
      }
    },
    "effnetb0_plus_convnextv2_w0.5": {
      "accuracy": 0.8638771186440678,
      "macro_f1": 0.8352842720477351,
      "per_class_f1": {
        "Cyst": 0.912,
        "Normal": 0.9049138481174218,
        "Stone": 0.7268722466960352,
        "Tumor": 0.7973509933774835
      },
      "per_class_precision": {
        "Cyst": 0.9363449691991786,
        "Normal": 0.8974683544303798,
        "Stone": 0.8009708737864077,
        "Tumor": 0.7432098765432099
      },
      "per_class_recall": {
        "Cyst": 0.8888888888888888,
        "Normal": 0.9124839124839125,
        "Stone": 0.6653225806451613,
        "Tumor": 0.86
      }
    },
    "all_three_equal": {
      "accuracy": 0.941207627118644,
      "macro_f1": 0.9251009637738289,
      "per_class_f1": {
        "Cyst": 0.9654491609081934,
        "Normal": 0.9604086845466155,
        "Stone": 0.8497854077253219,
        "Tumor": 0.9247606019151847
      },
      "per_class_precision": {
        "Cyst": 0.978,
        "Normal": 0.9531051964512041,
        "Stone": 0.908256880733945,
        "Tumor": 0.8871391076115486
      },
      "per_class_recall": {
        "Cyst": 0.9532163742690059,
        "Normal": 0.9678249678249679,
        "Stone": 0.7983870967741935,
        "Tumor": 0.9657142857142857
      }
    }
  },
  "binary_weight_grids_post_hoc": {
    "classical_plus_effnetb0": {
      "grid": [
        {
          "w_a": 0.0,
          "macro_f1": 0.767940515572302,
          "accuracy": 0.8013771186440678,
          "errors": 375
        },
        {
          "w_a": 0.1,
          "macro_f1": 0.7843221507969635,
          "accuracy": 0.8167372881355932,
          "errors": 346
        },
        {
          "w_a": 0.2,
          "macro_f1": 0.8124692307983796,
          "accuracy": 0.84375,
          "errors": 295
        },
        {
          "w_a": 0.30000000000000004,
          "macro_f1": 0.8449205835450946,
          "accuracy": 0.8728813559322034,
          "errors": 240
        },
        {
          "w_a": 0.4,
          "macro_f1": 0.8856176942832047,
          "accuracy": 0.9088983050847458,
          "errors": 172
        },
        {
          "w_a": 0.5,
          "macro_f1": 0.9343429354736436,
          "accuracy": 0.9465042372881356,
          "errors": 101
        },
        {
          "w_a": 0.6000000000000001,
          "macro_f1": 0.92245003990718,
          "accuracy": 0.9390889830508474,
          "errors": 115
        },
        {
          "w_a": 0.7000000000000001,
          "macro_f1": 0.9189435777111471,
          "accuracy": 0.9364406779661016,
          "errors": 120
        },
        {
          "w_a": 0.8,
          "macro_f1": 0.9178115536414301,
          "accuracy": 0.9359110169491526,
          "errors": 121
        },
        {
          "w_a": 0.9,
          "macro_f1": 0.9166391987445942,
          "accuracy": 0.9353813559322034,
          "errors": 122
        },
        {
          "w_a": 1.0,
          "macro_f1": 0.9184411218662067,
          "accuracy": 0.9359110169491526,
          "errors": 121
        }
      ],
      "best": {
        "w_a": 0.5,
        "macro_f1": 0.9343429354736436,
        "accuracy": 0.9465042372881356,
        "errors": 101
      }
    },
    "classical_plus_convnextv2": {
      "grid": [
        {
          "w_a": 0.0,
          "macro_f1": 0.8218578942951466,
          "accuracy": 0.8538135593220338,
          "errors": 276
        },
        {
          "w_a": 0.1,
          "macro_f1": 0.8363137715627986,
          "accuracy": 0.8665254237288136,
          "errors": 252
        },
        {
          "w_a": 0.2,
          "macro_f1": 0.8504287902387697,
          "accuracy": 0.878177966101695,
          "errors": 230
        },
        {
          "w_a": 0.30000000000000004,
          "macro_f1": 0.8727221134181318,
          "accuracy": 0.8967161016949152,
          "errors": 195
        },
        {
          "w_a": 0.4,
          "macro_f1": 0.897307472903519,
          "accuracy": 0.9173728813559322,
          "errors": 156
        },
        {
          "w_a": 0.5,
          "macro_f1": 0.9284408316716584,
          "accuracy": 0.9459745762711864,
          "errors": 102
        },
        {
          "w_a": 0.6000000000000001,
          "macro_f1": 0.9173973740535013,
          "accuracy": 0.9375,
          "errors": 118
        },
        {
          "w_a": 0.7000000000000001,
          "macro_f1": 0.9190182511848473,
          "accuracy": 0.9385593220338984,
          "errors": 116
        },
        {
          "w_a": 0.8,
          "macro_f1": 0.9164222183923119,