{
  "model_name": "convnextv2_base",
  "n_test": 1888,
  "classes": [
    "Cyst",
    "Normal",
    "Stone",
    "Tumor"
  ],
  "accuracy": 0.8538135593220338,
  "macro_f1": 0.8218578942951466,
  "weighted_f1": 0.8527638476001667,
  "per_class": {
    "Cyst": {
      "precision": 0.9195876288659793,
      "recall": 0.8693957115009746,
      "f1": 0.8937875751503006,
      "support": 513
    },
    "Normal": {
      "precision": 0.8907035175879398,
      "recall": 0.9124839124839125,
      "f1": 0.901462174189447,
      "support": 777
    },
    "Stone": {
      "precision": 0.7839195979899497,
      "recall": 0.6290322580645161,
      "f1": 0.697986577181208,
      "support": 248
    },
    "Tumor": {
      "precision": 0.7377450980392157,
      "recall": 0.86,
      "f1": 0.7941952506596306,
      "support": 350
    }
  },
  "confusion_matrix": [
    [
      446,
      2,
      38,
      27
    ],
    [
      2,
      709,
      2,
      64
    ],
    [
      25,
      51,
      156,
      16
    ],
    [
      12,
      34,
      3,
      301
    ]
  ],
  "roc_auc_ovr_macro": 0.9746298813946417,
  "macro_f1_ci95": {
    "mean": 0.8217957079695966,
    "lo": 0.8004530443743935,
    "hi": 0.841973676723514
  },
  "per_class_f1_ci95": {
    "Cyst": {
      "mean": 0.8944444150206015,
      "lo": 0.8726881362774154,
      "hi": 0.9141163410885301
    },
    "Normal": {
      "mean": 0.9013685710735242,
      "lo": 0.8853322537112011,
      "hi": 0.9170805766324296
    },
    "Stone": {
      "mean": 0.6981743779837325,
      "lo": 0.6485148514851485,
      "hi": 0.7451222736285525
    },
    "Tumor": {
      "mean": 0.7931954678005287,
      "lo": 0.7606018298985778,
      "hi": 0.823841059602649
    }
  }
}