{
  "model_name": "efficientnet_b0_clean_sweep_100pct_tta_hflip",
  "n_test": 1888,
  "classes": [
    "Cyst",
    "Normal",
    "Stone",
    "Tumor"
  ],
  "accuracy": 0.7817796610169492,
  "macro_f1": 0.7436297530760108,
  "weighted_f1": 0.7819740231843694,
  "per_class": {
    "Cyst": {
      "precision": 0.8739837398373984,
      "recall": 0.8382066276803118,
      "f1": 0.8557213930348259,
      "support": 513
    },
    "Normal": {
      "precision": 0.8193069306930693,
      "recall": 0.851994851994852,
      "f1": 0.8353312302839117,
      "support": 777
    },
    "Stone": {
      "precision": 0.5746268656716418,
      "recall": 0.6209677419354839,
      "f1": 0.5968992248062015,
      "support": 248
    },
    "Tumor": {
      "precision": 0.71875,
      "recall": 0.6571428571428571,
      "f1": 0.6865671641791045,
      "support": 350
    }
  },
  "confusion_matrix": [
    [
      430,
      0,
      66,
      17
    ],
    [
      16,
      662,
      48,
      51
    ],
    [
      25,
      47,
      154,
      22
    ],
    [
      21,
      99,
      0,
      230
    ]
  ],
  "roc_auc_ovr_macro": 0.9345426613317548,
  "macro_f1_ci95": {
    "mean": 0.7437633217664722,
    "lo": 0.7228290737465244,
    "hi": 0.7647346818548344
  },
  "per_class_f1_ci95": {
    "Cyst": {
      "mean": 0.8563851661078485,
      "lo": 0.8319615318308623,
      "hi": 0.8771280731045207
    },
    "Normal": {
      "mean": 0.8356242559061798,
      "lo": 0.816947924481976,
      "hi": 0.854726265660429
    },
    "Stone": {
      "mean": 0.5966843046767678,
      "lo": 0.5458015267175572,
      "hi": 0.6460011799571923
    },
    "Tumor": {
      "mean": 0.686359560375093,
      "lo": 0.6416877744213436,
      "hi": 0.7232190349544073
    }
  }
}