{
  "model_name": "convnextv2_base_clean_sweep_010pct_tta_hflip",
  "n_test": 1888,
  "classes": [
    "Cyst",
    "Normal",
    "Stone",
    "Tumor"
  ],
  "accuracy": 0.6583686440677966,
  "macro_f1": 0.39118393487236414,
  "weighted_f1": 0.5344898627471403,
  "per_class": {
    "Cyst": {
      "precision": 0.6680440771349863,
      "recall": 0.9454191033138402,
      "f1": 0.7828894269572235,
      "support": 513
    },
    "Normal": {
      "precision": 0.6523235800344234,
      "recall": 0.9755469755469756,
      "f1": 0.7818463125322331,
      "support": 777
    },
    "Stone": {
      "precision": 0.0,
      "recall": 0.0,
      "f1": 0.0,
      "support": 248
    },
    "Tumor": {
      "precision": 0.0,
      "recall": 0.0,
      "f1": 0.0,
      "support": 350
    }
  },
  "confusion_matrix": [
    [
      485,
      28,
      0,
      0
    ],
    [
      19,
      758,
      0,
      0
    ],
    [
      77,
      171,
      0,
      0
    ],
    [
      145,
      205,
      0,
      0
    ]
  ],
  "roc_auc_ovr_macro": 0.7234338666210334,
  "macro_f1_ci95": {
    "mean": 0.3914384534736249,
    "lo": 0.38262208178738677,
    "hi": 0.39967535487435246
  },
  "per_class_f1_ci95": {
    "Cyst": {
      "mean": 0.7834919431571064,
      "lo": 0.7574718751656248,
      "hi": 0.8074622759405368
    },
    "Normal": {
      "mean": 0.7822618707373931,
      "lo": 0.762595758671708,
      "hi": 0.8032738096763463
    },
    "Stone": {
      "mean": 0.0,
      "lo": 0.0,
      "hi": 0.0
    },
    "Tumor": {
      "mean": 0.0,
      "lo": 0.0,
      "hi": 0.0
    }
  }
}