{
  "model_name": "efficientnet_b0",
  "n_test": 1888,
  "classes": [
    "Cyst",
    "Normal",
    "Stone",
    "Tumor"
  ],
  "accuracy": 0.7595338983050848,
  "macro_f1": 0.7251688205290625,
  "weighted_f1": 0.7609384032429578,
  "per_class": {
    "Cyst": {
      "precision": 0.8791208791208791,
      "recall": 0.7797270955165692,
      "f1": 0.8264462809917356,
      "support": 513
    },
    "Normal": {
      "precision": 0.8097014925373134,
      "recall": 0.8378378378378378,
      "f1": 0.8235294117647058,
      "support": 777
    },
    "Stone": {
      "precision": 0.5746753246753247,
      "recall": 0.7137096774193549,
      "f1": 0.6366906474820144,
      "support": 248
    },
    "Tumor": {
      "precision": 0.6417445482866043,
      "recall": 0.5885714285714285,
      "f1": 0.6140089418777943,
      "support": 350
    }
  },
  "confusion_matrix": [
    [
      400,
      0,
      84,
      29
    ],
    [
      16,
      651,
      47,
      63
    ],
    [
      20,
      28,
      177,
      23
    ],
    [
      19,
      125,
      0,
      206
    ]
  ],
  "roc_auc_ovr_macro": 0.9366694867100622,
  "macro_f1_ci95": {
    "mean": 0.7249569457219184,
    "lo": 0.7040148379591074,
    "hi": 0.7458058097894115
  },
  "per_class_f1_ci95": {
    "Cyst": {
      "mean": 0.8266340045979559,
      "lo": 0.8004451776190906,
      "hi": 0.8525260630375977
    },
    "Normal": {
      "mean": 0.8238569565307767,
      "lo": 0.8040073765179714,
      "hi": 0.842674527498723
    },
    "Stone": {
      "mean": 0.6361267439705914,
      "lo": 0.5896954794197066,
      "hi": 0.6777422503729915
    },
    "Tumor": {
      "mean": 0.6132100777883492,
      "lo": 0.5696358320042532,
      "hi": 0.6527211180846119
    }
  }
}