{
  "model_name": "efficientnet_b0_tta_full",
  "n_test": 934,
  "classes": [
    "Cyst",
    "Normal",
    "Stone",
    "Tumor"
  ],
  "accuracy": 0.9839400428265525,
  "macro_f1": 0.9810985531574978,
  "weighted_f1": 0.9840343458627181,
  "per_class": {
    "Cyst": {
      "precision": 1.0,
      "recall": 0.974910394265233,
      "f1": 0.9872958257713249,
      "support": 279
    },
    "Normal": {
      "precision": 0.9921052631578947,
      "recall": 0.989501312335958,
      "f1": 0.9908015768725361,
      "support": 381
    },
    "Stone": {
      "precision": 0.9805825242718447,
      "recall": 0.9805825242718447,
      "f1": 0.9805825242718447,
      "support": 103
    },
    "Tumor": {
      "precision": 0.9441340782122905,
      "recall": 0.9883040935672515,
      "f1": 0.9657142857142857,
      "support": 171
    }
  },
  "confusion_matrix": [
    [
      272,
      0,
      1,
      6
    ],
    [
      0,
      377,
      0,
      4
    ],
    [
      0,
      2,
      101,
      0
    ],
    [
      0,
      1,
      1,
      169
    ]
  ],
  "roc_auc_ovr_macro": 0.9997428341521519,
  "macro_f1_ci95": {
    "mean": 0.9807288453084302,
    "lo": 0.9703439836536238,
    "hi": 0.9896013781574375
  },
  "per_class_f1_ci95": {
    "Cyst": {
      "mean": 0.9869972224765738,
      "lo": 0.9766496506497984,
      "hi": 0.9961984360427577
    },
    "Normal": {
      "mean": 0.9907092776731165,
      "lo": 0.9826885914463848,
      "hi": 0.9973045822102425
    },
    "Stone": {
      "mean": 0.9801203930293427,
      "lo": 0.9596401232051456,
      "hi": 0.9953917050691244
    },
    "Tumor": {
      "mean": 0.9650884880546879,
      "lo": 0.9427675015719975,
      "hi": 0.9837000350631137
    }
  }
}