{
  "model_name": "xgb",
  "n_test": 934,
  "classes": [
    "Cyst",
    "Normal",
    "Stone",
    "Tumor"
  ],
  "accuracy": 0.9978586723768736,
  "macro_f1": 0.9976419543482361,
  "weighted_f1": 0.9978586723768736,
  "per_class": {
    "Cyst": {
      "precision": 0.996415770609319,
      "recall": 0.996415770609319,
      "f1": 0.996415770609319,
      "support": 279
    },
    "Normal": {
      "precision": 1.0,
      "recall": 1.0,
      "f1": 1.0,
      "support": 381
    },
    "Stone": {
      "precision": 1.0,
      "recall": 1.0,
      "f1": 1.0,
      "support": 103
    },
    "Tumor": {
      "precision": 0.9941520467836257,
      "recall": 0.9941520467836257,
      "f1": 0.9941520467836257,
      "support": 171
    }
  },
  "confusion_matrix": [
    [
      278,
      0,
      0,
      1
    ],
    [
      0,
      381,
      0,
      0
    ],
    [
      0,
      0,
      103,
      0
    ],
    [
      1,
      0,
      0,
      170
    ]
  ],
  "roc_auc_ovr_macro": 0.9999953478417822,
  "macro_f1_ci95": {
    "mean": 0.9976689080134852,
    "lo": 0.993901941090692,
    "hi": 1.0
  },
  "per_class_f1_ci95": {
    "Cyst": {
      "mean": 0.9964595238314125,
      "lo": 0.9908256880733946,
      "hi": 1.0
    },
    "Normal": {
      "mean": 1.0,
      "lo": 1.0,
      "hi": 1.0
    },
    "Stone": {
      "mean": 1.0,
      "lo": 1.0,
      "hi": 1.0
    },
    "Tumor": {
      "mean": 0.9942161082225284,
      "lo": 0.9848001078237268,
      "hi": 1.0
    }
  }
}