{
  "model_name": "efficientnet_b0",
  "n_test": 1888,
  "classes": [
    "Cyst",
    "Normal",
    "Stone",
    "Tumor"
  ],
  "accuracy": 0.652542372881356,
  "macro_f1": 0.3883941952983503,
  "weighted_f1": 0.5296017738563721,
  "per_class": {
    "Cyst": {
      "precision": 0.646095717884131,
      "recall": 1.0,
      "f1": 0.7850038255547054,
      "support": 513
    },
    "Normal": {
      "precision": 0.6572212065813529,
      "recall": 0.9253539253539254,
      "f1": 0.7685729556386959,
      "support": 777
    },
    "Stone": {
      "precision": 0.0,
      "recall": 0.0,
      "f1": 0.0,
      "support": 248
    },
    "Tumor": {
      "precision": 0.0,
      "recall": 0.0,
      "f1": 0.0,
      "support": 350
    }
  },
  "confusion_matrix": [
    [
      513,
      0,
      0,
      0
    ],
    [
      58,
      719,
      0,
      0
    ],
    [
      117,
      131,
      0,
      0
    ],
    [
      106,
      244,
      0,
      0
    ]
  ],
  "roc_auc_ovr_macro": 0.7768286563386082,
  "macro_f1_ci95": {
    "mean": 0.3885123469089613,
    "lo": 0.3796757314042408,
    "hi": 0.3972855674897016
  },
  "per_class_f1_ci95": {
    "Cyst": {
      "mean": 0.7851130644587511,
      "lo": 0.7594441498261683,
      "hi": 0.8094557215676559
    },
    "Normal": {
      "mean": 0.7689363231770943,
      "lo": 0.7468269086340857,
      "hi": 0.789528472845939
    },
    "Stone": {
      "mean": 0.0,
      "lo": 0.0,
      "hi": 0.0
    },
    "Tumor": {
      "mean": 0.0,
      "lo": 0.0,
      "hi": 0.0
    }
  }
}