{
  "model_name": "convnextv2_base",
  "n_test": 1888,
  "classes": [
    "Cyst",
    "Normal",
    "Stone",
    "Tumor"
  ],
  "accuracy": 0.8268008474576272,
  "macro_f1": 0.7927494275102005,
  "weighted_f1": 0.8254340090372713,
  "per_class": {
    "Cyst": {
      "precision": 0.897489539748954,
      "recall": 0.8362573099415205,
      "f1": 0.8657921291624622,
      "support": 513
    },
    "Normal": {
      "precision": 0.8520286396181385,
      "recall": 0.918918918918919,
      "f1": 0.8842105263157894,
      "support": 777
    },
    "Stone": {
      "precision": 0.7063829787234043,
      "recall": 0.6693548387096774,
      "f1": 0.6873706004140787,
      "support": 248
    },
    "Tumor": {
      "precision": 0.7477744807121661,
      "recall": 0.72,
      "f1": 0.7336244541484717,
      "support": 350
    }
  },
  "confusion_matrix": [
    [
      429,
      1,
      59,
      24
    ],
    [
      4,
      714,
      3,
      56
    ],
    [
      23,
      54,
      166,
      5
    ],
    [
      22,
      69,
      7,
      252
    ]
  ],
  "roc_auc_ovr_macro": 0.969176624433548,
  "macro_f1_ci95": {
    "mean": 0.7927371681573641,
    "lo": 0.7717146806807456,
    "hi": 0.8136398759581694
  },
  "per_class_f1_ci95": {
    "Cyst": {
      "mean": 0.8667028187367654,
      "lo": 0.8439393871905999,
      "hi": 0.8900438596069556
    },
    "Normal": {
      "mean": 0.8840618761599626,
      "lo": 0.865345918674274,
      "hi": 0.9008589582226738
    },
    "Stone": {
      "mean": 0.6874144306481927,
      "lo": 0.6393043947788525,
      "hi": 0.7346960958296362
    },
    "Tumor": {
      "mean": 0.7327695470845356,
      "lo": 0.6968671758221227,
      "hi": 0.767843333933455
    }
  }
}