{
  "model_name": "efficientnet_b0_clean_sweep_050pct_tta_hflip",
  "n_test": 1888,
  "classes": [
    "Cyst",
    "Normal",
    "Stone",
    "Tumor"
  ],
  "accuracy": 0.652542372881356,
  "macro_f1": 0.3893417154656259,
  "weighted_f1": 0.5295865639266969,
  "per_class": {
    "Cyst": {
      "precision": 0.6623544631306598,
      "recall": 0.9980506822612085,
      "f1": 0.7962674961119751,
      "support": 513
    },
    "Normal": {
      "precision": 0.6457399103139013,
      "recall": 0.9266409266409267,
      "f1": 0.7610993657505285,
      "support": 777
    },
    "Stone": {
      "precision": 0.0,
      "recall": 0.0,
      "f1": 0.0,
      "support": 248
    },
    "Tumor": {
      "precision": 0.0,
      "recall": 0.0,
      "f1": 0.0,
      "support": 350
    }
  },
  "confusion_matrix": [
    [
      512,
      1,
      0,
      0
    ],
    [
      57,
      720,
      0,
      0
    ],
    [
      107,
      141,
      0,
      0
    ],
    [
      97,
      253,
      0,
      0
    ]
  ],
  "roc_auc_ovr_macro": 0.7826263862715546,
  "macro_f1_ci95": {
    "mean": 0.3895149599389747,
    "lo": 0.38087190252980613,
    "hi": 0.39801599180486036
  },
  "per_class_f1_ci95": {
    "Cyst": {
      "mean": 0.7965221790141975,
      "lo": 0.7715404337143468,
      "hi": 0.8205942032249347
    },
    "Normal": {
      "mean": 0.7615376607417013,
      "lo": 0.7395346639056252,
      "hi": 0.7828347758109533
    },
    "Stone": {
      "mean": 0.0,
      "lo": 0.0,
      "hi": 0.0
    },
    "Tumor": {
      "mean": 0.0,
      "lo": 0.0,
      "hi": 0.0
    }
  }
}