{
  "model_name": "efficientnet_b0",
  "n_test": 1888,
  "classes": [
    "Cyst",
    "Normal",
    "Stone",
    "Tumor"
  ],
  "accuracy": 0.7823093220338984,
  "macro_f1": 0.7434043416491405,
  "weighted_f1": 0.7821984471437655,
  "per_class": {
    "Cyst": {
      "precision": 0.8618556701030928,
      "recall": 0.8148148148148148,
      "f1": 0.8376753507014028,
      "support": 513
    },
    "Normal": {
      "precision": 0.8369152970922883,
      "recall": 0.851994851994852,
      "f1": 0.8443877551020408,
      "support": 777
    },
    "Stone": {
      "precision": 0.6322869955156951,
      "recall": 0.5685483870967742,
      "f1": 0.5987261146496815,
      "support": 248
    },
    "Tumor": {
      "precision": 0.6580976863753213,
      "recall": 0.7314285714285714,
      "f1": 0.6928281461434371,
      "support": 350
    }
  },
  "confusion_matrix": [
    [
      418,
      1,
      67,
      27
    ],
    [
      17,
      662,
      15,
      83
    ],
    [
      32,
      52,
      141,
      23
    ],
    [
      18,
      76,
      0,
      256
    ]
  ],
  "roc_auc_ovr_macro": 0.9452135178772463,
  "macro_f1_ci95": {
    "mean": 0.7431880557891277,
    "lo": 0.7214262448406369,
    "hi": 0.7652318483307843
  },
  "per_class_f1_ci95": {
    "Cyst": {
      "mean": 0.8379288352858343,
      "lo": 0.811963696369637,
      "hi": 0.8615137265597164
    },
    "Normal": {
      "mean": 0.8445699512926187,
      "lo": 0.825620683880163,
      "hi": 0.8632371476139912
    },
    "Stone": {
      "mean": 0.5980689341773804,
      "lo": 0.5462650425964923,
      "hi": 0.6506754191972538
    },
    "Tumor": {
      "mean": 0.6921845024006776,
      "lo": 0.6541676977975046,
      "hi": 0.7265681987732096
    }
  }
}