{
  "model_name": "convnextv2_base_full",
  "n_test": 1867,
  "classes": [
    "Cyst",
    "Normal",
    "Stone",
    "Tumor"
  ],
  "accuracy": 0.9967862881628281,
  "macro_f1": 0.9953328726589137,
  "weighted_f1": 0.9967880930239924,
  "per_class": {
    "Cyst": {
      "precision": 0.9963963963963964,
      "recall": 0.9946043165467626,
      "f1": 0.9954995499549955,
      "support": 556
    },
    "Normal": {
      "precision": 0.9986893840104849,
      "recall": 1.0,
      "f1": 0.999344262295082,
      "support": 762
    },
    "Stone": {
      "precision": 0.9855769230769231,
      "recall": 0.9903381642512077,
      "f1": 0.9879518072289156,
      "support": 207
    },
    "Tumor": {
      "precision": 1.0,
      "recall": 0.9970760233918129,
      "f1": 0.9985358711566618,
      "support": 342
    }
  },
  "confusion_matrix": [
    [
      553,
      0,
      3,
      0
    ],
    [
      0,
      762,
      0,
      0
    ],
    [
      2,
      0,
      205,
      0
    ],
    [
      0,
      1,
      0,
      341
    ]
  ],
  "roc_auc_ovr_macro": 0.9999797016622868,
  "macro_f1_ci95": {
    "mean": 0.9952494189491444,
    "lo": 0.9910147769232077,
    "hi": 0.9984408878089758
  },
  "per_class_f1_ci95": {
    "Cyst": {
      "mean": 0.9954102719510618,
      "lo": 0.990909090909091,
      "hi": 0.9990902054109249
    },
    "Normal": {
      "mean": 0.999337692503092,
      "lo": 0.9978763450781081,
      "hi": 1.0
    },
    "Stone": {
      "mean": 0.9877378475561013,
      "lo": 0.9761891850015494,
      "hi": 0.9975186104218362
    },
    "Tumor": {
      "mean": 0.9985118637863225,
      "lo": 0.9950471708530062,
      "hi": 1.0
    }
  }
}