{
  "model_name": "convnextv2_base_tta_hflip_clean",
  "n_test": 1888,
  "classes": [
    "Cyst",
    "Normal",
    "Stone",
    "Tumor"
  ],
  "accuracy": 0.8665254237288136,
  "macro_f1": 0.8370300405835152,
  "weighted_f1": 0.8655163124332045,
  "per_class": {
    "Cyst": {
      "precision": 0.9168356997971603,
      "recall": 0.8810916179337231,
      "f1": 0.8986083499005965,
      "support": 513
    },
    "Normal": {
      "precision": 0.907928388746803,
      "recall": 0.9137709137709138,
      "f1": 0.9108402822322001,
      "support": 777
    },
    "Stone": {
      "precision": 0.8009950248756219,
      "recall": 0.6491935483870968,
      "f1": 0.7171492204899778,
      "support": 248
    },
    "Tumor": {
      "precision": 0.7597087378640777,
      "recall": 0.8942857142857142,
      "f1": 0.821522309711286,
      "support": 350
    }
  },
  "confusion_matrix": [
    [
      452,
      1,
      34,
      26
    ],
    [
      4,
      710,
      5,
      58
    ],
    [
      26,
      46,
      161,
      15
    ],
    [
      11,
      25,
      1,
      313
    ]
  ],
  "roc_auc_ovr_macro": 0.9768436351720181,
  "macro_f1_ci95": {
    "mean": 0.8370474247649659,
    "lo": 0.8181495473832954,
    "hi": 0.856337019361786
  },
  "per_class_f1_ci95": {
    "Cyst": {
      "mean": 0.8992382417105246,
      "lo": 0.8793774319066148,
      "hi": 0.918311548543806
    },
    "Normal": {
      "mean": 0.9108339394678101,
      "lo": 0.896314561093387,
      "hi": 0.9262905728695202
    },
    "Stone": {
      "mean": 0.7172889789085707,
      "lo": 0.6681705653263216,
      "hi": 0.7623131139512775
    },
    "Tumor": {
      "mean": 0.820828538972958,
      "lo": 0.7914424108074651,
      "hi": 0.8488106966924701
    }
  }
}