{
  "model_name": "convnextv2_base",
  "n_test": 1888,
  "classes": [
    "Cyst",
    "Normal",
    "Stone",
    "Tumor"
  ],
  "accuracy": 0.6747881355932204,
  "macro_f1": 0.40368982823213406,
  "weighted_f1": 0.5484104254001267,
  "per_class": {
    "Cyst": {
      "precision": 0.723589001447178,
      "recall": 0.9746588693957114,
      "f1": 0.8305647840531561,
      "support": 513
    },
    "Normal": {
      "precision": 0.6466165413533834,
      "recall": 0.9961389961389961,
      "f1": 0.78419452887538,
      "support": 777
    },
    "Stone": {
      "precision": 0.0,
      "recall": 0.0,
      "f1": 0.0,
      "support": 248
    },
    "Tumor": {
      "precision": 0.0,
      "recall": 0.0,
      "f1": 0.0,
      "support": 350
    }
  },
  "confusion_matrix": [
    [
      500,
      13,
      0,
      0
    ],
    [
      3,
      774,
      0,
      0
    ],
    [
      61,
      187,
      0,
      0
    ],
    [
      127,
      223,
      0,
      0
    ]
  ],
  "roc_auc_ovr_macro": 0.8253230363165859,
  "macro_f1_ci95": {
    "mean": 0.40393962658337695,
    "lo": 0.39621431125941325,
    "hi": 0.4119945502109161
  },
  "per_class_f1_ci95": {
    "Cyst": {
      "mean": 0.831235897006977,
      "lo": 0.8083571008977256,
      "hi": 0.8539581163589861
    },
    "Normal": {
      "mean": 0.7845226093265308,
      "lo": 0.7648789090845017,
      "hi": 0.8049757462686568
    },
    "Stone": {
      "mean": 0.0,
      "lo": 0.0,
      "hi": 0.0
    },
    "Tumor": {
      "mean": 0.0,
      "lo": 0.0,
      "hi": 0.0
    }
  }
}