{
  "model_name": "efficientnet_b0_frac_100",
  "n_test": 934,
  "classes": [
    "Cyst",
    "Normal",
    "Stone",
    "Tumor"
  ],
  "accuracy": 0.9796573875802997,
  "macro_f1": 0.9744545995803767,
  "weighted_f1": 0.979653539322622,
  "per_class": {
    "Cyst": {
      "precision": 0.9857142857142858,
      "recall": 0.989247311827957,
      "f1": 0.9874776386404294,
      "support": 279
    },
    "Normal": {
      "precision": 0.9815789473684211,
      "recall": 0.979002624671916,
      "f1": 0.9802890932982917,
      "support": 381
    },
    "Stone": {
      "precision": 0.941747572815534,
      "recall": 0.941747572815534,
      "f1": 0.941747572815534,
      "support": 103
    },
    "Tumor": {
      "precision": 0.9883040935672515,
      "recall": 0.9883040935672515,
      "f1": 0.9883040935672515,
      "support": 171
    }
  },
  "confusion_matrix": [
    [
      276,
      1,
      2,
      0
    ],
    [
      3,
      373,
      3,
      2
    ],
    [
      1,
      5,
      97,
      0
    ],
    [
      0,
      1,
      1,
      169
    ]
  ],
  "roc_auc_ovr_macro": 0.9995188825733604,
  "macro_f1_ci95": {
    "mean": 0.9744251367212547,
    "lo": 0.9627553482536206,
    "hi": 0.9857049241736093
  },
  "per_class_f1_ci95": {
    "Cyst": {
      "mean": 0.9876214770407915,
      "lo": 0.9774696707105719,
      "hi": 0.9963905386695651
    },
    "Normal": {
      "mean": 0.9803256161063097,
      "lo": 0.9701671142784639,
      "hi": 0.9895040392678187
    },
    "Stone": {
      "mean": 0.9417016759298991,
      "lo": 0.90819017320608,
      "hi": 0.9720709186840472
    },
    "Tumor": {
      "mean": 0.9880517778080186,
      "lo": 0.9737609329446064,
      "hi": 1.0
    }
  }
}