{
  "model_name": "convnextv2_base",
  "n_test": 1888,
  "classes": [
    "Cyst",
    "Normal",
    "Stone",
    "Tumor"
  ],
  "accuracy": 0.8151483050847458,
  "macro_f1": 0.7821087535029233,
  "weighted_f1": 0.8152013925199926,
  "per_class": {
    "Cyst": {
      "precision": 0.853515625,
      "recall": 0.8518518518518519,
      "f1": 0.8526829268292683,
      "support": 513
    },
    "Normal": {
      "precision": 0.8792207792207792,
      "recall": 0.8712998712998713,
      "f1": 0.8752424046541694,
      "support": 777
    },
    "Stone": {
      "precision": 0.696969696969697,
      "recall": 0.6491935483870968,
      "f1": 0.6722338204592901,
      "support": 248
    },
    "Tumor": {
      "precision": 0.704,
      "recall": 0.7542857142857143,
      "f1": 0.7282758620689656,
      "support": 350
    }
  },
  "confusion_matrix": [
    [
      437,
      2,
      46,
      28
    ],
    [
      5,
      677,
      24,
      71
    ],
    [
      26,
      49,
      161,
      12
    ],
    [
      44,
      42,
      0,
      264
    ]
  ],
  "roc_auc_ovr_macro": 0.9548275213024753,
  "macro_f1_ci95": {
    "mean": 0.7815674798908661,
    "lo": 0.7603585328111607,
    "hi": 0.8020996702338231
  },
  "per_class_f1_ci95": {
    "Cyst": {
      "mean": 0.8532841898762622,
      "lo": 0.8277214698315616,
      "hi": 0.8759433706745249
    },
    "Normal": {
      "mean": 0.8749083987124324,
      "lo": 0.8558134833573623,
      "hi": 0.8922490555455299
    },
    "Stone": {
      "mean": 0.6710696677337106,
      "lo": 0.6184130649471361,
      "hi": 0.7184541868932038
    },
    "Tumor": {
      "mean": 0.7270076632410591,
      "lo": 0.6902308181128671,
      "hi": 0.7616609016405208
    }
  }
}